timestamp,cpu_percent,mem_used_mb,mem_available_mb,sda_read_mbs,sda_write_mbs,sda_util,sdb_read_mbs,sdb_write_mbs,sdb_util,sdc_read_mbs,sdc_write_mbs,sdc_util,sdd_read_mbs,sdd_write_mbs,sdd_util,sde_read_mbs,sde_write_mbs,sde_util,nvme0n1_read_mbs,nvme0n1_write_mbs,nvme0n1_util,nvme2n1_read_mbs,nvme2n1_write_mbs,nvme2n1_util,nvme1n1_read_mbs,nvme1n1_write_mbs,nvme1n1_util,gpu_util_percent,gpu_mem_used_mb,gpu_mem_total_mb
2026-01-15 17:59:45,7.5,103249,23086,0,0,0,0,0,0,0,0,0,0,0,0,0,0,0,0,0,0,0,0,0,0,0,0,6,3416,24564
2026-01-15 17:59:46,6.7,103267,23059,0,0,0,0,0,0,0,0,0,0,0,0,0,0,0,0,0,0,0,0,0,0,0,0,0,3415,24564
2026-01-15 17:59:48,6.9,103413,22914,0,0,0,0,0,0,0,0,0,0,0,0,0,0,0,0,0,0,0,0,0,0,0,0,0,3415,24564
2026-01-15 17:59:49,6.9,103330,22996,0,0,0,0,0,0,0,0,0,0,0,0,0,0,0,0,0,0,0,0,0,0,0,0,0,3415,24564
2026-01-15 17:59:50,7.5,103466,22861,0,0,0,0,0,0,0,0,0,0,0,0,0,0,0,0,0,0,0,0,0,0,0,0,0,3415,24564
2026-01-15 17:59:51,13.6,103648,22679,0,0,0,0,0,0,0,0,0,0,0,0,0,0,0,0,0,0,0,0,0,0,0,0,1,3415,24564
2026-01-15 17:59:53,10.4,103637,22689,0,0,0,0,0,0,0,0,0,0,0,0,0,0,0,0,0,0,0,0,0,0,0,0,0,3415,24564
2026-01-15 17:59:54,10.3,103666,22660,0,0,0,0,0,0,0,0,0,0,0,0,0,0,0,0,0,0,0,0,0,0,0,0,2,3415,24564
2026-01-15 17:59:55,10.6,103670,22655,0,0,0,0,0,0,0,0,0,0,0,0,0,0,0,0,0,0,0,0,0,0,0,0,1,3415,24564
2026-01-15 17:59:56,10.7,103756,22571,0,0,0,0,0,0,0,0,0,0,0,0,0,0,0,0,0,0,0,0,0,0,0,0,0,3415,24564
2026-01-15 17:59:58,10.9,103850,22477,0,0,0,0,0,0,0,0,0,0,0,0,0,0,0,0,0,0,0,0,0,0,0,0,1,3415,24564
2026-01-15 17:59:59,11.4,103974,22352,0,0,0,0,0,0,0,0,0,0,0,0,0,0,0,0,0,0,0,0,0,0,0,0,1,3415,24564
2026-01-15 18:00:00,10.6,103788,22539,0,0,0,0,0,0,0,0,0,0,0,0,0,0,0,0,0,0,0,0,0,0,0,0,0,3415,24564
2026-01-15 18:00:01,11.3,103968,22359,0,0,0,0,0,0,0,0,0,0,0,0,0,0,0,0,0,0,0,0,0,0,0,0,0,3415,24564
2026-01-15 18:00:03,10.5,104164,22162,0,0,0,0,0,0,0,0,0,0,0,0,0,0,0,0,0,0,0,0,0,0,0,0,0,3415,24564
2026-01-15 18:00:04,12.1,104293,22034,0,0,0,0,0,0,0,0,0,0,0,0,0,0,0,0,0,0,0,0,0,0,0,0,0,3415,24564
2026-01-15 18:00:05,10.6,104362,21965,0,0,0,0,0,0,0,0,0,0,0,0,0,0,0,0,0,0,0,0,0,0,0,0,1,3415,24564
2026-01-15 18:00:06,12.1,104130,22197,0,0,0,0,0,0,0,0,0,0,0,0,0,0,0,0,0,0,0,0,0,0,0,0,0,3415,24564
2026-01-15 18:00:08,11.2,104431,21896,0,0,0,0,0,0,0,0,0,0,0,0,0,0,0,0,0,0,0,0,0,0,0,0,1,3415,24564
2026-01-15 18:00:09,9.8,104387,21932,0,0,0,0,0,0,0,0,0,0,0,0,0,0,0,0,0,0,0,0,0,0,0,0,1,3415,24564
2026-01-15 18:00:10,10.3,104396,21930,0,0,0,0,0,0,0,0,0,0,0,0,0,0,0,0,0,0,0,0,0,0,0,0,0,3415,24564
2026-01-15 18:00:11,16.1,104502,21825,0,0,0,0,0,0,0,0,0,0,0,0,0,0,0,0,0,0,0,0,0,0,0,0,0,3415,24564
2026-01-15 18:00:13,14.1,104954,21372,0,0,0,0,0,0,0,0,0,0,0,0,0,0,0,0,0,0,0,0,0,0,0,0,0,3415,24564
2026-01-15 18:00:14,13.7,104770,21558,0,0,0,0,0,0,0,0,0,0,0,0,0,0,0,0,0,0,0,0,0,0,0,0,0,3415,24564
2026-01-15 18:00:15,10.9,104761,21566,0,0,0,0,0,0,0,0,0,0,0,0,0,0,0,0,0,0,0,0,0,0,0,0,2,3415,24564
2026-01-15 18:00:16,10.7,104822,21504,0,0,0,0,0,0,0,0,0,0,0,0,0,0,0,0,0,0,0,0,0,0,0,0,0,3415,24564
2026-01-15 18:00:18,13.9,105166,21161,0,0,0,0,0,0,0,0,0,0,0,0,0,0,0,0,0,0,0,0,0,0,0,0,1,3415,24564
2026-01-15 18:00:19,10.4,105273,21053,0,0,0,0,0,0,0,0,0,0,0,0,0,0,0,0,0,0,0,0,0,0,0,0,1,3415,24564
2026-01-15 18:00:20,11.9,105150,21177,0,0,0,0,0,0,0,0,0,0,0,0,0,0,0,0,0,0,0,0,0,0,0,0,0,3415,24564
2026-01-15 18:00:21,10.0,105240,21087,0,0,0,0,0,0,0,0,0,0,0,0,0,0,0,0,0,0,0,0,0,0,0,0,0,3415,24564
2026-01-15 18:00:23,14.0,105496,20822,0,0,0,0,0,0,0,0,0,0,0,0,0,0,0,0,0,0,0,0,0,0,0,0,2,3415,24564
2026-01-15 18:00:24,10.9,105309,21017,0,0,0,0,0,0,0,0,0,0,0,0,0,0,0,0,0,0,0,0,0,0,0,0,0,3415,24564
2026-01-15 18:00:25,10.6,105262,21065,0,0,0,0,0,0,0,0,0,0,0,0,0,0,0,0,0,0,0,0,0,0,0,0,1,3415,24564
2026-01-15 18:00:26,11.0,105373,20953,0,0,0,0,0,0,0,0,0,0,0,0,0,0,0,0,0,0,0,0,0,0,0,0,0,3415,24564
2026-01-15 18:00:28,14.0,105286,21040,0,0,0,0,0,0,0,0,0,0,0,0,0,0,0,0,0,0,0,0,0,0,0,0,0,3415,24564
2026-01-15 18:00:29,10.5,105456,20872,0,0,0,0,0,0,0,0,0,0,0,0,0,0,0,0,0,0,0,0,0,0,0,0,0,3416,24564
2026-01-15 18:00:30,12.1,105469,20857,0,0,0,0,0,0,0,0,0,0,0,0,0,0,0,0,0,0,0,0,0,0,0,0,3,3464,24564
2026-01-15 18:00:31,10.1,105364,20963,0,0,0,0,0,0,0,0,0,0,0,0,0,0,0,0,0,0,0,0,0,0,0,0,0,3464,24564
2026-01-15 18:00:33,27.9,105554,20772,0,0,0,0,0,0,0,0,0,0,0,0,0,0,0,0,0,0,0,0,0,0,0,0,3,3416,24564
2026-01-15 18:00:34,11.2,105838,20489,0,0,0,0,0,0,0,0,0,0,0,0,0,0,0,0,0,0,0,0,0,0,0,0,0,3447,24564
2026-01-15 18:00:35,10.0,105651,20675,0,0,0,0,0,0,0,0,0,0,0,0,0,0,0,0,0,0,0,0,0,0,0,0,0,3447,24564
2026-01-15 18:00:36,10.9,105825,20501,0,0,0,0,0,0,0,0,0,0,0,0,0,0,0,0,0,0,0,0,0,0,0,0,0,3447,24564
2026-01-15 18:00:38,10.4,105867,20459,0,0,0,0,0,0,0,0,0,0,0,0,0,0,0,0,0,0,0,0,0,0,0,0,0,3447,24564
2026-01-15 18:00:39,14.4,106187,20140,0,0,0,0,0,0,0,0,0,0,0,0,0,0,0,0,0,0,0,0,0,0,0,0,2,3447,24564
2026-01-15 18:00:40,10.1,106247,20080,0,0,0,0,0,0,0,0,0,0,0,0,0,0,0,0,0,0,0,0,0,0,0,0,2,3447,24564
2026-01-15 18:00:41,10.6,106327,20000,0,0,0,0,0,0,0,0,0,0,0,0,0,0,0,0,0,0,0,0,0,0,0,0,0,3447,24564
2026-01-15 18:00:43,9.6,106082,20236,0,0,0,0,0,0,0,0,0,0,0,0,0,0,0,0,0,0,0,0,0,0,0,0,1,3447,24564
2026-01-15 18:00:44,10.6,106395,19932,0,0,0,0,0,0,0,0,0,0,0,0,0,0,0,0,0,0,0,0,0,0,0,0,2,3447,24564
2026-01-15 18:00:45,10.2,106423,19904,0,0,0,0,0,0,0,0,0,0,0,0,0,0,0,0,0,0,0,0,0,0,0,0,2,3447,24564
2026-01-15 18:00:46,15.1,106278,20049,0,0,0,0,0,0,0,0,0,0,0,0,0,0,0,0,0,0,0,0,0,0,0,0,0,3447,24564
2026-01-15 18:00:48,10.0,106301,20026,0,0,0,0,0,0,0,0,0,0,0,0,0,0,0,0,0,0,0,0,0,0,0,0,2,3447,24564
2026-01-15 18:00:49,10.7,106596,19731,0,0,0,0,0,0,0,0,0,0,0,0,0,0,0,0,0,0,0,0,0,0,0,0,2,3447,24564
2026-01-15 18:00:50,10.1,106388,19939,0,0,0,0,0,0,0,0,0,0,0,0,0,0,0,0,0,0,0,0,0,0,0,0,2,3447,24564
2026-01-15 18:00:51,10.1,106540,19786,0,0,0,0,0,0,0,0,0,0,0,0,0,0,0,0,0,0,0,0,0,0,0,0,0,3447,24564
2026-01-15 18:00:53,9.5,106503,19824,0,0,0,0,0,0,0,0,0,0,0,0,0,0,0,0,0,0,0,0,0,0,0,0,2,3447,24564
2026-01-15 18:00:54,10.2,106532,19787,0,0,0,0,0,0,0,0,0,0,0,0,0,0,0,0,0,0,0,0,0,0,0,0,2,3447,24564
2026-01-15 18:00:55,10.1,106698,19629,0,0,0,0,0,0,0,0,0,0,0,0,0,0,0,0,0,0,0,0,0,0,0,0,1,3447,24564
2026-01-15 18:00:56,10.1,106730,19597,0,0,0,0,0,0,0,0,0,0,0,0,0,0,0,0,0,0,0,0,0,0,0,0,0,3447,24564
2026-01-15 18:00:58,15.3,106537,19790,0,0,0,0,0,0,0,0,0,0,0,0,0,0,0,0,0,0,0,0,0,0,0,0,13,3415,24564
2026-01-15 18:00:59,10.5,106882,19445,0,0,0,0,0,0,0,0,0,0,0,0,0,0,0,0,0,0,0,0,0,0,0,0,0,3415,24564
2026-01-15 18:01:00,10.6,106823,19504,0,0,0,0,0,0,0,0,0,0,0,0,0,0,0,0,0,0,0,0,0,0,0,0,2,3415,24564
2026-01-15 18:01:02,11.1,106989,19337,0,0,0,0,0,0,0,0,0,0,0,0,0,0,0,0,0,0,0,0,0,0,0,0,2,3415,24564
2026-01-15 18:01:03,11.4,107112,19215,0,0,0,0,0,0,0,0,0,0,0,0,0,0,0,0,0,0,0,0,0,0,0,0,6,3463,24564
2026-01-15 18:01:04,11.2,107105,19221,0,0,0,0,0,0,0,0,0,0,0,0,0,0,0,0,0,0,0,0,0,0,0,0,0,3415,24564
2026-01-15 18:01:05,11.0,107074,19253,0,0,0,0,0,0,0,0,0,0,0,0,0,0,0,0,0,0,0,0,0,0,0,0,2,3415,24564
2026-01-15 18:01:07,11.2,107183,19144,0,0,0,0,0,0,0,0,0,0,0,0,0,0,0,0,0,0,0,0,0,0,0,0,1,3415,24564
2026-01-15 18:01:08,10.7,107274,19053,0,0,0,0,0,0,0,0,0,0,0,0,0,0,0,0,0,0,0,0,0,0,0,0,1,3415,24564
2026-01-15 18:01:09,10.6,107208,19119,0,0,0,0,0,0,0,0,0,0,0,0,0,0,0,0,0,0,0,0,0,0,0,0,2,3415,24564
2026-01-15 18:01:10,10.6,107369,18957,0,0,0,0,0,0,0,0,0,0,0,0,0,0,0,0,0,0,0,0,0,0,0,0,1,3415,24564
2026-01-15 18:01:12,11.1,107440,18887,0,0,0,0,0,0,0,0,0,0,0,0,0,0,0,0,0,0,0,0,0,0,0,0,1,3415,24564
2026-01-15 18:01:13,11.5,107436,18891,0,0,0,0,0,0,0,0,0,0,0,0,0,0,0,0,0,0,0,0,0,0,0,0,1,3415,24564
2026-01-15 18:01:14,14.0,107621,18705,0,0,0,0,0,0,0,0,0,0,0,0,0,0,0,0,0,0,0,0,0,0,0,0,3,3415,24564
2026-01-15 18:01:15,12.1,107680,18647,0,0,0,0,0,0,0,0,0,0,0,0,0,0,0,0,0,0,0,0,0,0,0,0,2,3415,24564
2026-01-15 18:01:17,11.0,107698,18629,0,0,0,0,0,0,0,0,0,0,0,0,0,0,0,0,0,0,0,0,0,0,0,0,0,3415,24564
2026-01-15 18:01:18,10.4,107516,18811,0,0,0,0,0,0,0,0,0,0,0,0,0,0,0,0,0,0,0,0,0,0,0,0,1,3415,24564
2026-01-15 18:01:19,13.3,107857,18469,0,0,0,0,0,0,0,0,0,0,0,0,0,0,0,0,0,0,0,0,0,0,0,0,3,3415,24564
2026-01-15 18:01:20,11.0,107796,18530,0,0,0,0,0,0,0,0,0,0,0,0,0,0,0,0,0,0,0,0,0,0,0,0,3,3415,24564
2026-01-15 18:01:22,10.5,107883,18443,0,0,0,0,0,0,0,0,0,0,0,0,0,0,0,0,0,0,0,0,0,0,0,0,1,3415,24564
2026-01-15 18:01:23,10.6,107987,18339,0,0,0,0,0,0,0,0,0,0,0,0,0,0,0,0,0,0,0,0,0,0,0,0,1,3415,24564
2026-01-15 18:01:24,14.4,108009,18318,0,0,0,0,0,0,0,0,0,0,0,0,0,0,0,0,0,0,0,0,0,0,0,0,2,3415,24564
2026-01-15 18:01:25,11.2,108220,18107,0,0,0,0,0,0,0,0,0,0,0,0,0,0,0,0,0,0,0,0,0,0,0,0,0,3415,24564
2026-01-15 18:01:27,12.8,108056,18271,0,0,0,0,0,0,0,0,0,0,0,0,0,0,0,0,0,0,0,0,0,0,0,0,0,3415,24564
2026-01-15 18:01:28,10.7,108026,18300,0,0,0,0,0,0,0,0,0,0,0,0,0,0,0,0,0,0,0,0,0,0,0,0,1,3415,24564
2026-01-15 18:01:29,13.9,108147,18180,0,0,0,0,0,0,0,0,0,0,0,0,0,0,0,0,0,0,0,0,0,0,0,0,2,3415,24564
2026-01-15 18:01:30,13.8,108016,18310,0,0,0,0,0,0,0,0,0,0,0,0,0,0,0,0,0,0,0,0,0,0,0,0,1,3415,24564
2026-01-15 18:01:32,10.4,108127,18200,0,0,0,0,0,0,0,0,0,0,0,0,0,0,0,0,0,0,0,0,0,0,0,0,0,3415,24564
2026-01-15 18:01:33,13.5,108137,18189,0,0,0,0,0,0,0,0,0,0,0,0,0,0,0,0,0,0,0,0,0,0,0,0,0,3415,24564
2026-01-15 18:01:34,27.8,108221,18106,0,0,0,0,0,0,0,0,0,0,0,0,0,0,0,0,0,0,0,0,0,0,0,0,2,3415,24564
2026-01-15 18:01:35,11.0,108479,17848,0,0,0,0,0,0,0,0,0,0,0,0,0,0,0,0,0,0,0,0,0,0,0,0,1,3415,24564
2026-01-15 18:01:37,11.3,108624,17703,0,0,0,0,0,0,0,0,0,0,0,0,0,0,0,0,0,0,0,0,0,0,0,0,1,3415,24564
2026-01-15 18:01:38,12.4,108493,17831,0,0,0,0,0,0,0,0,0,0,0,0,0,0,0,0,0,0,0,0,0,0,0,0,1,3415,24564
2026-01-15 18:01:39,10.7,108554,17772,0,0,0,0,0,0,0,0,0,0,0,0,0,0,0,0,0,0,0,0,0,0,0,0,2,3415,24564
2026-01-15 18:01:40,10.9,108584,17743,0,0,0,0,0,0,0,0,0,0,0,0,0,0,0,0,0,0,0,0,0,0,0,0,2,3415,24564
2026-01-15 18:01:42,10.6,108699,17629,0,0,0,0,0,0,0,0,0,0,0,0,0,0,0,0,0,0,0,0,0,0,0,0,0,3415,24564
2026-01-15 18:01:43,10.4,108787,17540,0,0,0,0,0,0,0,0,0,0,0,0,0,0,0,0,0,0,0,0,0,0,0,0,0,3415,24564
2026-01-15 18:01:44,10.9,108614,17713,0,0,0,0,0,0,0,0,0,0,0,0,0,0,0,0,0,0,0,0,0,0,0,0,0,3415,24564
2026-01-15 18:01:45,10.4,108902,17425,0,0,0,0,0,0,0,0,0,0,0,0,0,0,0,0,0,0,0,0,0,0,0,0,0,3415,24564
2026-01-15 18:01:47,10.8,108871,17455,0,0,0,0,0,0,0,0,0,0,0,0,0,0,0,0,0,0,0,0,0,0,0,0,0,3415,24564
2026-01-15 18:01:48,10.5,108950,17376,0,0,0,0,0,0,0,0,0,0,0,0,0,0,0,0,0,0,0,0,0,0,0,0,1,3415,24564
2026-01-15 18:01:49,11.1,108882,17445,0,0,0,0,0,0,0,0,0,0,0,0,0,0,0,0,0,0,0,0,0,0,0,0,0,3415,24564
2026-01-15 18:01:50,10.0,109117,17202,0,0,0,0,0,0,0,0,0,0,0,0,0,0,0,0,0,0,0,0,0,0,0,0,2,3463,24564
2026-01-15 18:01:52,10.3,109180,17146,0,0,0,0,0,0,0,0,0,0,0,0,0,0,0,0,0,0,0,0,0,0,0,0,0,3463,24564
2026-01-15 18:01:53,12.8,109351,16974,0,0,0,0,0,0,0,0,0,0,0,0,0,0,0,0,0,0,0,0,0,0,0,0,0,3463,24564
2026-01-15 18:01:54,10.9,109143,17184,0,0,0,0,0,0,0,0,0,0,0,0,0,0,0,0,0,0,0,0,0,0,0,0,0,3463,24564
2026-01-15 18:01:55,10.3,109321,17002,0,0,0,0,0,0,0,0,0,0,0,0,0,0,0,0,0,0,0,0,0,0,0,0,2,3463,24564
2026-01-15 18:01:57,11.6,109329,16997,0,0,0,0,0,0,0,0,0,0,0,0,0,0,0,0,0,0,0,0,0,0,0,0,0,3463,24564
2026-01-15 18:01:58,10.7,109429,16898,0,0,0,0,0,0,0,0,0,0,0,0,0,0,0,0,0,0,0,0,0,0,0,0,0,3463,24564
2026-01-15 18:01:59,11.8,109302,17025,0,0,0,0,0,0,0,0,0,0,0,0,0,0,0,0,0,0,0,0,0,0,0,0,0,3463,24564
2026-01-15 18:02:00,11.3,109589,16724,0,0,0,0,0,0,0,0,0,0,0,0,0,0,0,0,0,0,0,0,0,0,0,0,0,3463,24564
2026-01-15 18:02:02,11.0,109720,16606,0,0,0,0,0,0,0,0,0,0,0,0,0,0,0,0,0,0,0,0,0,0,0,0,2,3463,24564
2026-01-15 18:02:03,10.7,109510,16816,0,0,0,0,0,0,0,0,0,0,0,0,0,0,0,0,0,0,0,0,0,0,0,0,3,3463,24564
2026-01-15 18:02:04,11.2,109651,16675,0,0,0,0,0,0,0,0,0,0,0,0,0,0,0,0,0,0,0,0,0,0,0,0,2,3463,24564
2026-01-15 18:02:05,10.3,109767,16553,0,0,0,0,0,0,0,0,0,0,0,0,0,0,0,0,0,0,0,0,0,0,0,0,2,3463,24564
2026-01-15 18:02:07,10.2,109977,16350,0,0,0,0,0,0,0,0,0,0,0,0,0,0,0,0,0,0,0,0,0,0,0,0,2,3463,24564
2026-01-15 18:02:08,10.3,109965,16355,0,0,0,0,0,0,0,0,0,0,0,0,0,0,0,0,0,0,0,0,0,0,0,0,2,3463,24564
2026-01-15 18:02:09,11.8,110112,16215,0,0,0,0,0,0,0,0,0,0,0,0,0,0,0,0,0,0,0,0,0,0,0,0,1,3463,24564
2026-01-15 18:02:10,10.1,110349,15978,0,0,0,0,0,0,0,0,0,0,0,0,0,0,0,0,0,0,0,0,0,0,0,0,0,3463,24564
2026-01-15 18:02:12,10.6,110158,16168,0,0,0,0,0,0,0,0,0,0,0,0,0,0,0,0,0,0,0,0,0,0,0,0,1,3463,24564
2026-01-15 18:02:13,15.2,110229,16097,0,0,0,0,0,0,0,0,0,0,0,0,0,0,0,0,0,0,0,0,0,0,0,0,2,3463,24564
2026-01-15 18:02:14,10.8,110132,16195,0,0,0,0,0,0,0,0,0,0,0,0,0,0,0,0,0,0,0,0,0,0,0,0,2,3463,24564
2026-01-15 18:02:15,14.1,110378,15948,0,0,0,0,0,0,0,0,0,0,0,0,0,0,0,0,0,0,0,0,0,0,0,0,0,3463,24564
2026-01-15 18:02:17,10.9,110431,15895,0,0,0,0,0,0,0,0,0,0,0,0,0,0,0,0,0,0,0,0,0,0,0,0,0,3463,24564
2026-01-15 18:02:18,10.4,110295,16032,0,0,0,0,0,0,0,0,0,0,0,0,0,0,0,0,0,0,0,0,0,0,0,0,5,3463,24564
2026-01-15 18:02:19,13.7,110418,15909,0,0,0,0,0,0,0,0,0,0,0,0,0,0,0,0,0,0,0,0,0,0,0,0,2,3463,24564
2026-01-15 18:02:21,13.8,110778,15549,0,0,0,0,0,0,0,0,0,0,0,0,0,0,0,0,0,0,0,0,0,0,0,0,0,3463,24564
2026-01-15 18:02:22,10.2,110478,15848,0,0,0,0,0,0,0,0,0,0,0,0,0,0,0,0,0,0,0,0,0,0,0,0,0,3463,24564
2026-01-15 18:02:23,10.2,110532,15795,0,0,0,0,0,0,0,0,0,0,0,0,0,0,0,0,0,0,0,0,0,0,0,0,2,3463,24564
2026-01-15 18:02:24,10.3,110603,15725,0,0,0,0,0,0,0,0,0,0,0,0,0,0,0,0,0,0,0,0,0,0,0,0,0,3463,24564
2026-01-15 18:02:26,14.4,110594,15733,0,0,0,0,0,0,0,0,0,0,0,0,0,0,0,0,0,0,0,0,0,0,0,0,0,3463,24564
2026-01-15 18:02:27,9.9,110743,15584,0,0,0,0,0,0,0,0,0,0,0,0,0,0,0,0,0,0,0,0,0,0,0,0,0,3463,24564
2026-01-15 18:02:28,10.7,110817,15510,0,0,0,0,0,0,0,0,0,0,0,0,0,0,0,0,0,0,0,0,0,0,0,0,0,3463,24564
2026-01-15 18:02:29,10.5,110901,15426,0,0,0,0,0,0,0,0,0,0,0,0,0,0,0,0,0,0,0,0,0,0,0,0,0,3463,24564
2026-01-15 18:02:31,13.6,110870,15457,0,0,0,0,0,0,0,0,0,0,0,0,0,0,0,0,0,0,0,0,0,0,0,0,3,3463,24564
2026-01-15 18:02:32,9.8,111039,15288,0,0,0,0,0,0,0,0,0,0,0,0,0,0,0,0,0,0,0,0,0,0,0,0,2,3463,24564
2026-01-15 18:02:33,10.6,111041,15286,0,0,0,0,0,0,0,0,0,0,0,0,0,0,0,0,0,0,0,0,0,0,0,0,0,3463,24564
2026-01-15 18:02:34,15.5,111240,15086,0,0,0,0,0,0,0,0,0,0,0,0,0,0,0,0,0,0,0,0,0,0,0,0,2,3463,24564
2026-01-15 18:02:36,13.4,111247,15079,0,0,0,0,0,0,0,0,0,0,0,0,0,0,0,0,0,0,0,0,0,0,0,0,0,3463,24564
2026-01-15 18:02:37,10.4,111361,14966,0,0,0,0,0,0,0,0,0,0,0,0,0,0,0,0,0,0,0,0,0,0,0,0,0,3463,24564
2026-01-15 18:02:38,11.3,111468,14858,0,0,0,0,0,0,0,0,0,0,0,0,0,0,0,0,0,0,0,0,0,0,0,0,0,3463,24564
2026-01-15 18:02:39,14.2,111256,15070,0,0,0,0,0,0,0,0,0,0,0,0,0,0,0,0,0,0,0,0,0,0,0,0,0,3463,24564
2026-01-15 18:02:41,32.8,111447,14879,0,0,0,0,0,0,0,0,0,0,0,0,0,0,0,0,0,0,0,0,0,0,0,0,2,3463,24564
2026-01-15 18:02:42,10.9,111687,14640,0,0,0,0,0,0,0,0,0,0,0,0,0,0,0,0,0,0,0,0,0,0,0,0,1,3463,24564
2026-01-15 18:02:43,11.2,111456,14870,0,0,0,0,0,0,0,0,0,0,0,0,0,0,0,0,0,0,0,0,0,0,0,0,1,3463,24564
2026-01-15 18:02:44,10.6,111490,14836,0,0,0,0,0,0,0,0,0,0,0,0,0,0,0,0,0,0,0,0,0,0,0,0,2,3463,24564
2026-01-15 18:02:46,23.8,111653,14673,0,0,0,0,0,0,0,0,0,0,0,0,0,0,0,0,0,0,0,0,0,0,0,0,2,3463,24564
2026-01-15 18:02:47,11.3,111566,14760,0,0,0,0,0,0,0,0,0,0,0,0,0,0,0,0,0,0,0,0,0,0,0,0,4,3463,24564
2026-01-15 18:02:48,12.2,111724,14603,0,0,0,0,0,0,0,0,0,0,0,0,0,0,0,0,0,0,0,0,0,0,0,0,0,3463,24564
2026-01-15 18:02:49,10.8,111873,14453,0,0,0,0,0,0,0,0,0,0,0,0,0,0,0,0,0,0,0,0,0,0,0,0,2,3463,24564
2026-01-15 18:02:51,10.5,111999,14319,0,0,0,0,0,0,0,0,0,0,0,0,0,0,0,0,0,0,0,0,0,0,0,0,0,3463,24564
2026-01-15 18:02:52,13.8,111962,14364,0,0,0,0,0,0,0,0,0,0,0,0,0,0,0,0,0,0,0,0,0,0,0,0,2,3463,24564
2026-01-15 18:02:53,11.2,112000,14327,0,0,0,0,0,0,0,0,0,0,0,0,0,0,0,0,0,0,0,0,0,0,0,0,0,3463,24564
2026-01-15 18:02:55,10.9,111930,14396,0,0,0,0,0,0,0,0,0,0,0,0,0,0,0,0,0,0,0,0,0,0,0,0,0,3463,24564
2026-01-15 18:02:56,10.9,112088,14238,0,0,0,0,0,0,0,0,0,0,0,0,0,0,0,0,0,0,0,0,0,0,0,0,0,3463,24564
2026-01-15 18:02:57,11.5,112361,13965,0,0,0,0,0,0,0,0,0,0,0,0,0,0,0,0,0,0,0,0,0,0,0,0,5,3463,24564
2026-01-15 18:02:58,15.0,112240,14087,0,0,0,0,0,0,0,0,0,0,0,0,0,0,0,0,0,0,0,0,0,0,0,0,0,3463,24564
2026-01-15 18:03:00,10.4,112378,13949,0,0,0,0,0,0,0,0,0,0,0,0,0,0,0,0,0,0,0,0,0,0,0,0,0,3463,24564
2026-01-15 18:03:01,10.8,112514,13813,0,0,0,0,0,0,0,0,0,0,0,0,0,0,0,0,0,0,0,0,0,0,0,0,0,3463,24564
2026-01-15 18:03:02,15.5,112719,13607,0,0,0,0,0,0,0,0,0,0,0,0,0,0,0,0,0,0,0,0,0,0,0,0,2,3463,24564
2026-01-15 18:03:03,13.4,112453,13874,0,0,0,0,0,0,0,0,0,0,0,0,0,0,0,0,0,0,0,0,0,0,0,0,0,3463,24564
2026-01-15 18:03:05,10.4,112531,13796,0,0,0,0,0,0,0,0,0,0,0,0,0,0,0,0,0,0,0,0,0,0,0,0,0,3463,24564
2026-01-15 18:03:06,10.4,112555,13771,0,0,0,0,0,0,0,0,0,0,0,0,0,0,0,0,0,0,0,0,0,0,0,0,2,3463,24564
2026-01-15 18:03:07,10.4,112563,13764,0,0,0,0,0,0,0,0,0,0,0,0,0,0,0,0,0,0,0,0,0,0,0,0,0,3463,24564
2026-01-15 18:03:08,10.6,112595,13732,0,0,0,0,0,0,0,0,0,0,0,0,0,0,0,0,0,0,0,0,0,0,0,0,0,3463,24564
2026-01-15 18:03:10,10.5,112786,13541,0,0,0,0,0,0,0,0,0,0,0,0,0,0,0,0,0,0,0,0,0,0,0,0,0,3463,24564
2026-01-15 18:03:11,10.7,112887,13440,0,0,0,0,0,0,0,0,0,0,0,0,0,0,0,0,0,0,0,0,0,0,0,0,0,3463,24564
2026-01-15 18:03:12,11.2,113002,13323,0,0,0,0,0,0,0,0,0,0,0,0,0,0,0,0,0,0,0,0,0,0,0,0,1,3463,24564
2026-01-15 18:03:13,10.9,112705,13622,0,0,0,0,0,0,0,0,0,0,0,0,0,0,0,0,0,0,0,0,0,0,0,0,2,3463,24564
2026-01-15 18:03:15,10.8,112736,13583,0,0,0,0,0,0,0,0,0,0,0,0,0,0,0,0,0,0,0,0,0,0,0,0,2,3463,24564
2026-01-15 18:03:16,10.0,112792,13534,0,0,0,0,0,0,0,0,0,0,0,0,0,0,0,0,0,0,0,0,0,0,0,0,2,3463,24564
2026-01-15 18:03:17,10.9,112751,13576,0,0,0,0,0,0,0,0,0,0,0,0,0,0,0,0,0,0,0,0,0,0,0,0,2,3463,24564
2026-01-15 18:03:18,10.7,112983,13344,0,0,0,0,0,0,0,0,0,0,0,0,0,0,0,0,0,0,0,0,0,0,0,0,0,3463,24564
2026-01-15 18:03:20,10.1,112947,13380,0,0,0,0,0,0,0,0,0,0,0,0,0,0,0,0,0,0,0,0,0,0,0,0,2,3463,24564
2026-01-15 18:03:21,11.6,113026,13300,0,0,0,0,0,0,0,0,0,0,0,0,0,0,0,0,0,0,0,0,0,0,0,0,2,3463,24564
2026-01-15 18:03:22,10.4,113035,13284,0,0,0,0,0,0,0,0,0,0,0,0,0,0,0,0,0,0,0,0,0,0,0,0,1,3463,24564
2026-01-15 18:03:23,10.3,113257,13070,0,0,0,0,0,0,0,0,0,0,0,0,0,0,0,0,0,0,0,0,0,0,0,0,0,3463,24564
2026-01-15 18:03:25,13.5,113454,12872,0,0,0,0,0,0,0,0,0,0,0,0,0,0,0,0,0,0,0,0,0,0,0,0,3,3463,24564
2026-01-15 18:03:26,10.4,113160,13167,0,0,0,0,0,0,0,0,0,0,0,0,0,0,0,0,0,0,0,0,0,0,0,0,2,3463,24564
2026-01-15 18:03:27,11.0,113360,12976,0,0,0,0,0,0,0,0,0,0,0,0,0,0,0,0,0,0,0,0,0,0,0,0,1,3463,24564
2026-01-15 18:03:28,13.7,113405,12921,0,0,0,0,0,0,0,0,0,0,0,0,0,0,0,0,0,0,0,0,0,0,0,0,2,3463,24564
2026-01-15 18:03:30,10.4,113461,12866,0,0,0,0,0,0,0,0,0,0,0,0,0,0,0,0,0,0,0,0,0,0,0,0,0,3463,24564
2026-01-15 18:03:31,10.1,113519,12807,0,0,0,0,0,0,0,0,0,0,0,0,0,0,0,0,0,0,0,0,0,0,0,0,2,3463,24564
2026-01-15 18:03:32,14.2,113637,12690,0,0,0,0,0,0,0,0,0,0,0,0,0,0,0,0,0,0,0,0,0,0,0,0,2,3463,24564
2026-01-15 18:03:34,13.3,113346,12981,0,0,0,0,0,0,0,0,0,0,0,0,0,0,0,0,0,0,0,0,0,0,0,0,0,3463,24564
2026-01-15 18:03:35,10.8,113455,12872,0,0,0,0,0,0,0,0,0,0,0,0,0,0,0,0,0,0,0,0,0,0,0,0,0,3463,24564
2026-01-15 18:03:36,11.0,113422,12905,0,0,0,0,0,0,0,0,0,0,0,0,0,0,0,0,0,0,0,0,0,0,0,0,3,3463,24564
2026-01-15 18:03:37,19.8,113671,12655,0,0,0,0,0,0,0,0,0,0,0,0,0,0,0,0,0,0,0,0,0,0,0,0,0,3463,24564
2026-01-15 18:03:39,11.0,113642,12685,0,0,0,0,0,0,0,0,0,0,0,0,0,0,0,0,0,0,0,0,0,0,0,0,0,3463,24564
2026-01-15 18:03:40,11.5,113786,12541,0,0,0,0,0,0,0,0,0,0,0,0,0,0,0,0,0,0,0,0,0,0,0,0,0,3463,24564
2026-01-15 18:03:41,12.5,114000,12328,0,0,0,0,0,0,0,0,0,0,0,0,0,0,0,0,0,0,0,0,0,0,0,0,1,3463,24564
2026-01-15 18:03:42,14.9,113764,12562,0,0,0,0,0,0,0,0,0,0,0,0,0,0,0,0,0,0,0,0,0,0,0,0,0,3463,24564
2026-01-15 18:03:44,10.8,114028,12298,0,0,0,0,0,0,0,0,0,0,0,0,0,0,0,0,0,0,0,0,0,0,0,0,2,3463,24564
2026-01-15 18:03:45,11.4,114020,12307,0,0,0,0,0,0,0,0,0,0,0,0,0,0,0,0,0,0,0,0,0,0,0,0,0,3463,24564
2026-01-15 18:03:46,15.3,114021,12306,0,0,0,0,0,0,0,0,0,0,0,0,0,0,0,0,0,0,0,0,0,0,0,0,0,3463,24564
2026-01-15 18:03:47,14.4,114011,12316,0,0,0,0,0,0,0,0,0,0,0,0,0,0,0,0,0,0,0,0,0,0,0,0,1,3463,24564
2026-01-15 18:03:49,10.7,114094,12232,0,0,0,0,0,0,0,0,0,0,0,0,0,0,0,0,0,0,0,0,0,0,0,0,0,3463,24564
2026-01-15 18:03:50,11.8,114272,12055,0,0,0,0,0,0,0,0,0,0,0,0,0,0,0,0,0,0,0,0,0,0,0,0,0,3463,24564
2026-01-15 18:03:51,11.5,114265,12062,0,0,0,0,0,0,0,0,0,0,0,0,0,0,0,0,0,0,0,0,0,0,0,0,0,3463,24564
2026-01-15 18:03:52,14.0,114088,12238,0,0,0,0,0,0,0,0,0,0,0,0,0,0,0,0,0,0,0,0,0,0,0,0,0,3463,24564
2026-01-15 18:03:54,10.9,114290,12037,0,0,0,0,0,0,0,0,0,0,0,0,0,0,0,0,0,0,0,0,0,0,0,0,1,3463,24564
2026-01-15 18:03:55,11.2,114356,11971,0,0,0,0,0,0,0,0,0,0,0,0,0,0,0,0,0,0,0,0,0,0,0,0,0,3463,24564
2026-01-15 18:03:56,10.4,114470,11857,0,0,0,0,0,0,0,0,0,0,0,0,0,0,0,0,0,0,0,0,0,0,0,0,4,3463,24564
2026-01-15 18:03:57,26.9,114604,11722,0,0,0,0,0,0,0,0,0,0,0,0,0,0,0,0,0,0,0,0,0,0,0,0,0,3463,24564
2026-01-15 18:03:59,10.4,114561,11766,0,0,0,0,0,0,0,0,0,0,0,0,0,0,0,0,0,0,0,0,0,0,0,0,3,3463,24564
2026-01-15 18:04:00,14.9,114731,11596,0,0,0,0,0,0,0,0,0,0,0,0,0,0,0,0,0,0,0,0,0,0,0,0,5,3463,24564
2026-01-15 18:04:01,10.7,114808,11519,0,0,0,0,0,0,0,0,0,0,0,0,0,0,0,0,0,0,0,0,0,0,0,0,1,3463,24564
2026-01-15 18:04:02,22.3,114970,11358,0,0,0,0,0,0,0,0,0,0,0,0,0,0,0,0,0,0,0,0,0,0,0,0,0,3463,24564
2026-01-15 18:04:04,11.1,115060,11266,0,0,0,0,0,0,0,0,0,0,0,0,0,0,0,0,0,0,0,0,0,0,0,0,0,3463,24564
2026-01-15 18:04:05,9.9,115158,11169,0,0,0,0,0,0,0,0,0,0,0,0,0,0,0,0,0,0,0,0,0,0,0,0,2,3463,24564
2026-01-15 18:04:06,12.1,115057,11270,0,0,0,0,0,0,0,0,0,0,0,0,0,0,0,0,0,0,0,0,0,0,0,0,0,3463,24564
2026-01-15 18:04:08,10.8,115124,11203,0,0,0,0,0,0,0,0,0,0,0,0,0,0,0,0,0,0,0,0,0,0,0,0,0,3463,24564
2026-01-15 18:04:09,11.0,114988,11339,0,0,0,0,0,0,0,0,0,0,0,0,0,0,0,0,0,0,0,0,0,0,0,0,0,3463,24564
2026-01-15 18:04:10,10.9,115101,11226,0,0,0,0,0,0,0,0,0,0,0,0,0,0,0,0,0,0,0,0,0,0,0,0,0,3463,24564
2026-01-15 18:04:11,12.0,115330,10996,0,0,0,0,0,0,0,0,0,0,0,0,0,0,0,0,0,0,0,0,0,0,0,0,0,3463,24564
2026-01-15 18:04:13,10.3,115443,10883,0,0,0,0,0,0,0,0,0,0,0,0,0,0,0,0,0,0,0,0,0,0,0,0,3,3463,24564
2026-01-15 18:04:14,13.3,115154,11171,0,0,0,0,0,0,0,0,0,0,0,0,0,0,0,0,0,0,0,0,0,0,0,0,0,3463,24564
2026-01-15 18:04:15,10.4,115158,11169,0,0,0,0,0,0,0,0,0,0,0,0,0,0,0,0,0,0,0,0,0,0,0,0,3,3463,24564
2026-01-15 18:04:16,11.1,115314,11012,0,0,0,0,0,0,0,0,0,0,0,0,0,0,0,0,0,0,0,0,0,0,0,0,0,3463,24564
2026-01-15 18:04:18,9.9,115356,10970,0,0,0,0,0,0,0,0,0,0,0,0,0,0,0,0,0,0,0,0,0,0,0,0,0,3463,24564
2026-01-15 18:04:19,11.2,115464,10863,0,0,0,0,0,0,0,0,0,0,0,0,0,0,0,0,0,0,0,0,0,0,0,0,0,3463,24564
2026-01-15 18:04:20,10.6,115615,10711,0,0,0,0,0,0,0,0,0,0,0,0,0,0,0,0,0,0,0,0,0,0,0,0,0,3463,24564
2026-01-15 18:04:21,10.4,115959,10368,0,0,0,0,0,0,0,0,0,0,0,0,0,0,0,0,0,0,0,0,0,0,0,0,0,3463,24564
2026-01-15 18:04:23,14.4,115631,10695,0,0,0,0,0,0,0,0,0,0,0,0,0,0,0,0,0,0,0,0,0,0,0,0,2,3463,24564
2026-01-15 18:04:24,10.3,115756,10571,0,0,0,0,0,0,0,0,0,0,0,0,0,0,0,0,0,0,0,0,0,0,0,0,3,3463,24564
2026-01-15 18:04:25,10.0,115917,10409,0,0,0,0,0,0,0,0,0,0,0,0,0,0,0,0,0,0,0,0,0,0,0,0,3,3463,24564
2026-01-15 18:04:26,10.3,116027,10300,0,0,0,0,0,0,0,0,0,0,0,0,0,0,0,0,0,0,0,0,0,0,0,0,0,3463,24564
2026-01-15 18:04:28,9.8,116142,10184,0,0,0,0,0,0,0,0,0,0,0,0,0,0,0,0,0,0,0,0,0,0,0,0,0,3463,24564
2026-01-15 18:04:29,9.8,115928,10399,0,0,0,0,0,0,0,0,0,0,0,0,0,0,0,0,0,0,0,0,0,0,0,0,0,3463,24564
2026-01-15 18:04:30,6.6,115976,10350,0,0,0,0,0,0,0,0,0,0,0,0,0,0,0,0,0,0,0,0,0,0,0,0,2,3463,24564
2026-01-15 18:04:31,7.1,116119,10207,0,0,0,0,0,0,0,0,0,0,0,0,0,0,0,0,0,0,0,0,0,0,0,0,2,3463,24564
2026-01-15 18:04:33,6.9,116221,10106,0,0,0,0,0,0,0,0,0,0,0,0,0,0,0,0,0,0,0,0,0,0,0,0,2,3463,24564
2026-01-15 18:04:34,7.7,105869,20458,0,0,0,0,0,0,0,0,0,0,0,0,0,0,0,0,0,0,0,0,0,0,0,0,0,3463,24564
2026-01-15 18:04:35,7.2,105692,20634,0,0,0,0,0,0,0,0,0,0,0,0,0,0,0,0,0,0,0,0,0,0,0,0,1,3463,24564
2026-01-15 18:04:36,7.2,105829,20497,0,0,0,0,0,0,0,0,0,0,0,0,0,0,0,0,0,0,0,0,0,0,0,0,1,3463,24564
2026-01-15 18:04:38,6.6,105848,20479,0,0,0,0,0,0,0,0,0,0,0,0,0,0,0,0,0,0,0,0,0,0,0,0,3,3463,24564
2026-01-15 18:04:39,6.6,106142,20185,0,0,0,0,0,0,0,0,0,0,0,0,0,0,0,0,0,0,0,0,0,0,0,0,2,3463,24564
2026-01-15 18:04:40,6.7,106016,20310,0,0,0,0,0,0,0,0,0,0,0,0,0,0,0,0,0,0,0,0,0,0,0,0,1,3463,24564
2026-01-15 18:04:41,6.6,105929,20398,0,0,0,0,0,0,0,0,0,0,0,0,0,0,0,0,0,0,0,0,0,0,0,0,2,3463,24564
2026-01-15 18:04:43,6.6,105980,20347,0,0,0,0,0,0,0,0,0,0,0,0,0,0,0,0,0,0,0,0,0,0,0,0,2,3456,24564
2026-01-15 18:04:44,6.6,106137,20189,0,0,0,0,0,0,0,0,0,0,0,0,0,0,0,0,0,0,0,0,0,0,0,0,3,3456,24564
2026-01-15 18:04:45,6.9,106052,20275,0,0,0,0,0,0,0,0,0,0,0,0,0,0,0,0,0,0,0,0,0,0,0,0,1,3456,24564
2026-01-15 18:04:46,7.2,106045,20282,0,0,0,0,0,0,0,0,0,0,0,0,0,0,0,0,0,0,0,0,0,0,0,0,0,3456,24564
2026-01-15 18:04:48,7.4,106188,20138,0,0,0,0,0,0,0,0,0,0,0,0,0,0,0,0,0,0,0,0,0,0,0,0,3,3456,24564
2026-01-15 18:04:49,7.5,106417,19910,0,0,0,0,0,0,0,0,0,0,0,0,0,0,0,0,0,0,0,0,0,0,0,0,2,3456,24564
2026-01-15 18:04:50,9.1,106213,20114,0,0,0,0,0,0,0,0,0,0,0,0,0,0,0,0,0,0,0,0,0,0,0,0,1,3456,24564
2026-01-15 18:04:51,7.1,106146,20180,0,0,0,0,0,0,0,0,0,0,0,0,0,0,0,0,0,0,0,0,0,0,0,0,2,3456,24564
2026-01-15 18:04:53,7.7,106260,20066,0,0,0,0,0,0,0,0,0,0,0,0,0,0,0,0,0,0,0,0,0,0,0,0,3,3456,24564
2026-01-15 18:04:54,11.9,104620,21704,0,0,0,0,0,0,0,0,0,0,0,0,0,0,0,0,0,0,0,0,0,0,0,0,2,3456,24564
2026-01-15 18:04:55,8.8,104809,21517,0,0,0,0,0,0,0,0,0,0,0,0,0,0,0,0,0,0,0,0,0,0,0,0,0,3456,24564
2026-01-15 18:04:56,9.2,105033,21294,0,0,0,0,0,0,0,0,0,0,0,0,0,0,0,0,0,0,0,0,0,0,0,0,0,3456,24564
2026-01-15 18:04:58,7.2,105230,21097,0,0,0,0,0,0,0,0,0,0,0,0,0,0,0,0,0,0,0,0,0,0,0,0,0,3456,24564
2026-01-15 18:04:59,10.4,105522,20805,0,0,0,0,0,0,0,0,0,0,0,0,0,0,0,0,0,0,0,0,0,0,0,0,2,3456,24564
2026-01-15 18:05:00,8.0,106226,20088,0,0,0,0,0,0,0,0,0,0,0,0,0,0,0,0,0,0,0,0,0,0,0,0,0,3456,24564
2026-01-15 18:05:02,7.4,106322,20004,0,0,0,0,0,0,0,0,0,0,0,0,0,0,0,0,0,0,0,0,0,0,0,0,0,3456,24564
2026-01-15 18:05:03,6.7,106136,20191,0,0,0,0,0,0,0,0,0,0,0,0,0,0,0,0,0,0,0,0,0,0,0,0,3,3456,24564
2026-01-15 18:05:04,15.4,106351,19975,0,0,0,0,0,0,0,0,0,0,0,0,0,0,0,0,0,0,0,0,0,0,0,0,3,3456,24564
2026-01-15 18:05:05,7.2,106465,19862,0,0,0,0,0,0,0,0,0,0,0,0,0,0,0,0,0,0,0,0,0,0,0,0,0,3456,24564
2026-01-15 18:05:07,7.2,106357,19970,0,0,0,0,0,0,0,0,0,0,0,0,0,0,0,0,0,0,0,0,0,0,0,0,2,3456,24564
2026-01-15 18:05:08,6.9,106387,19939,0,0,0,0,0,0,0,0,0,0,0,0,0,0,0,0,0,0,0,0,0,0,0,0,0,3456,24564
2026-01-15 18:05:09,14.9,106441,19885,0,0,0,0,0,0,0,0,0,0,0,0,0,0,0,0,0,0,0,0,0,0,0,0,0,3456,24564
2026-01-15 18:05:10,10.6,106698,19629,0,0,0,0,0,0,0,0,0,0,0,0,0,0,0,0,0,0,0,0,0,0,0,0,0,3456,24564
2026-01-15 18:05:12,7.2,106555,19772,0,0,0,0,0,0,0,0,0,0,0,0,0,0,0,0,0,0,0,0,0,0,0,0,0,3456,24564
2026-01-15 18:05:13,7.3,106600,19726,0,0,0,0,0,0,0,0,0,0,0,0,0,0,0,0,0,0,0,0,0,0,0,0,0,3456,24564
2026-01-15 18:05:14,12.3,106789,19537,0,0,0,0,0,0,0,0,0,0,0,0,0,0,0,0,0,0,0,0,0,0,0,0,0,3456,24564
2026-01-15 18:05:15,8.9,106810,19517,0,0,0,0,0,0,0,0,0,0,0,0,0,0,0,0,0,0,0,0,0,0,0,0,3,3456,24564
2026-01-15 18:05:17,11.2,106942,19384,0,0,0,0,0,0,0,0,0,0,0,0,0,0,0,0,0,0,0,0,0,0,0,0,2,3456,24564
2026-01-15 18:05:18,7.0,106829,19498,0,0,0,0,0,0,0,0,0,0,0,0,0,0,0,0,0,0,0,0,0,0,0,0,0,3456,24564
2026-01-15 18:05:19,7.1,106757,19569,0,0,0,0,0,0,0,0,0,0,0,0,0,0,0,0,0,0,0,0,0,0,0,0,3,3456,24564
2026-01-15 18:05:20,6.9,106974,19352,0,0,0,0,0,0,0,0,0,0,0,0,0,0,0,0,0,0,0,0,0,0,0,0,0,3456,24564
2026-01-15 18:05:22,11.7,107052,19275,0,0,0,0,0,0,0,0,0,0,0,0,0,0,0,0,0,0,0,0,0,0,0,0,0,3456,24564
2026-01-15 18:05:23,7.5,106776,19550,0,0,0,0,0,0,0,0,0,0,0,0,0,0,0,0,0,0,0,0,0,0,0,0,0,3456,24564
2026-01-15 18:05:24,9.7,106760,19566,0,0,0,0,0,0,0,0,0,0,0,0,0,0,0,0,0,0,0,0,0,0,0,0,0,3456,24564
2026-01-15 18:05:25,7.2,106966,19360,0,0,0,0,0,0,0,0,0,0,0,0,0,0,0,0,0,0,0,0,0,0,0,0,0,3456,24564
2026-01-15 18:05:27,7.4,107009,19317,0,0,0,0,0,0,0,0,0,0,0,0,0,0,0,0,0,0,0,0,0,0,0,0,0,3456,24564
2026-01-15 18:05:28,7.1,107080,19246,0,0,0,0,0,0,0,0,0,0,0,0,0,0,0,0,0,0,0,0,0,0,0,0,1,3456,24564
2026-01-15 18:05:29,7.2,107110,19216,0,0,0,0,0,0,0,0,0,0,0,0,0,0,0,0,0,0,0,0,0,0,0,0,3,3456,24564
2026-01-15 18:05:30,8.0,107086,19243,0,0,0,0,0,0,0,0,0,0,0,0,0,0,0,0,0,0,0,0,0,0,0,0,0,3456,24564
2026-01-15 18:05:32,7.2,107222,19105,0,0,0,0,0,0,0,0,0,0,0,0,0,0,0,0,0,0,0,0,0,0,0,0,1,3456,24564
2026-01-15 18:05:33,7.5,107079,19248,0,0,0,0,0,0,0,0,0,0,0,0,0,0,0,0,0,0,0,0,0,0,0,0,1,3456,24564
2026-01-15 18:05:34,7.4,107112,19215,0,0,0,0,0,0,0,0,0,0,0,0,0,0,0,0,0,0,0,0,0,0,0,0,4,3456,24564
2026-01-15 18:05:35,7.5,107319,19007,0,0,0,0,0,0,0,0,0,0,0,0,0,0,0,0,0,0,0,0,0,0,0,0,0,3456,24564
2026-01-15 18:05:37,7.2,107379,18946,0,0,0,0,0,0,0,0,0,0,0,0,0,0,0,0,0,0,0,0,0,0,0,0,1,3456,24564
2026-01-15 18:05:38,9.3,107131,19193,0,0,0,0,0,0,0,0,0,0,0,0,0,0,0,0,0,0,0,0,0,0,0,0,2,3456,24564
2026-01-15 18:05:39,8.5,107125,19202,0,0,0,0,0,0,0,0,0,0,0,0,0,0,0,0,0,0,0,0,0,0,0,0,2,3456,24564
2026-01-15 18:05:41,7.2,107334,18992,0,0,0,0,0,0,0,0,0,0,0,0,0,0,0,0,0,0,0,0,0,0,0,0,1,3456,24564
2026-01-15 18:05:42,6.9,107322,19005,0,0,0,0,0,0,0,0,0,0,0,0,0,0,0,0,0,0,0,0,0,0,0,0,2,3456,24564
2026-01-15 18:05:43,7.0,107382,18944,0,0,0,0,0,0,0,0,0,0,0,0,0,0,0,0,0,0,0,0,0,0,0,0,2,3456,24564
2026-01-15 18:05:44,7.2,107436,18891,0,0,0,0,0,0,0,0,0,0,0,0,0,0,0,0,0,0,0,0,0,0,0,0,4,3456,24564
2026-01-15 18:05:46,6.6,107641,18686,0,0,0,0,0,0,0,0,0,0,0,0,0,0,0,0,0,0,0,0,0,0,0,0,1,3456,24564
2026-01-15 18:05:47,9.5,107481,18845,0,0,0,0,0,0,0,0,0,0,0,0,0,0,0,0,0,0,0,0,0,0,0,0,2,3456,24564
2026-01-15 18:05:48,10.3,107383,18944,0,0,0,0,0,0,0,0,0,0,0,0,0,0,0,0,0,0,0,0,0,0,0,0,4,3456,24564
2026-01-15 18:05:49,9.4,107400,18926,0,0,0,0,0,0,0,0,0,0,0,0,0,0,0,0,0,0,0,0,0,0,0,0,1,3456,24564
2026-01-15 18:05:51,9.2,107591,18736,0,0,0,0,0,0,0,0,0,0,0,0,0,0,0,0,0,0,0,0,0,0,0,0,1,3456,24564
2026-01-15 18:05:52,11.6,107740,18586,0,0,0,0,0,0,0,0,0,0,0,0,0,0,0,0,0,0,0,0,0,0,0,0,1,3456,24564
2026-01-15 18:05:53,6.9,107635,18691,0,0,0,0,0,0,0,0,0,0,0,0,0,0,0,0,0,0,0,0,0,0,0,0,1,3456,24564
2026-01-15 18:05:54,7.5,107631,18696,0,0,0,0,0,0,0,0,0,0,0,0,0,0,0,0,0,0,0,0,0,0,0,0,0,3456,24564
2026-01-15 18:05:56,6.7,107871,18456,0,0,0,0,0,0,0,0,0,0,0,0,0,0,0,0,0,0,0,0,0,0,0,0,2,3456,24564
2026-01-15 18:05:57,6.8,107939,18388,0,0,0,0,0,0,0,0,0,0,0,0,0,0,0,0,0,0,0,0,0,0,0,0,1,3456,24564
2026-01-15 18:05:58,7.7,107641,18686,0,0,0,0,0,0,0,0,0,0,0,0,0,0,0,0,0,0,0,0,0,0,0,0,3,3456,24564
2026-01-15 18:05:59,6.9,107764,18563,0,0,0,0,0,0,0,0,0,0,0,0,0,0,0,0,0,0,0,0,0,0,0,0,0,3456,24564
2026-01-15 18:06:01,10.9,107772,18555,0,0,0,0,0,0,0,0,0,0,0,0,0,0,0,0,0,0,0,0,0,0,0,0,0,3456,24564
2026-01-15 18:06:02,6.7,107860,18467,0,0,0,0,0,0,0,0,0,0,0,0,0,0,0,0,0,0,0,0,0,0,0,0,0,3456,24564
2026-01-15 18:06:03,7.1,107867,18460,0,0,0,0,0,0,0,0,0,0,0,0,0,0,0,0,0,0,0,0,0,0,0,0,3,3456,24564
2026-01-15 18:06:04,7.4,107764,18562,0,0,0,0,0,0,0,0,0,0,0,0,0,0,0,0,0,0,0,0,0,0,0,0,0,3456,24564
2026-01-15 18:06:06,10.4,107972,18355,0,0,0,0,0,0,0,0,0,0,0,0,0,0,0,0,0,0,0,0,0,0,0,0,0,3456,24564
2026-01-15 18:06:07,7.7,107724,18603,0,0,0,0,0,0,0,0,0,0,0,0,0,0,0,0,0,0,0,0,0,0,0,0,0,3456,24564
2026-01-15 18:06:08,7.3,107780,18546,0,0,0,0,0,0,0,0,0,0,0,0,0,0,0,0,0,0,0,0,0,0,0,0,0,3456,24564
2026-01-15 18:06:09,7.6,107750,18577,0,0,0,0,0,0,0,0,0,0,0,0,0,0,0,0,0,0,0,0,0,0,0,0,3,3456,24564
2026-01-15 18:06:11,13.2,108020,18307,0,0,0,0,0,0,0,0,0,0,0,0,0,0,0,0,0,0,0,0,0,0,0,0,2,3456,24564
2026-01-15 18:06:12,6.9,107877,18449,0,0,0,0,0,0,0,0,0,0,0,0,0,0,0,0,0,0,0,0,0,0,0,0,2,3456,24564
2026-01-15 18:06:13,6.7,107897,18429,0,0,0,0,0,0,0,0,0,0,0,0,0,0,0,0,0,0,0,0,0,0,0,0,3,3456,24564
2026-01-15 18:06:14,7.8,108009,18317,0,0,0,0,0,0,0,0,0,0,0,0,0,0,0,0,0,0,0,0,0,0,0,0,0,3456,24564
2026-01-15 18:06:16,16.1,107918,18408,0,0,0,0,0,0,0,0,0,0,0,0,0,0,0,0,0,0,0,0,0,0,0,0,0,3456,24564
2026-01-15 18:06:17,7.7,108065,18266,0,0,0,0,0,0,0,0,0,0,0,0,0,0,0,0,0,0,0,0,0,0,0,0,0,3456,24564
2026-01-15 18:06:18,7.0,108227,18100,0,0,0,0,0,0,0,0,0,0,0,0,0,0,0,0,0,0,0,0,0,0,0,0,0,3456,24564
2026-01-15 18:06:19,7.5,107924,18403,0,0,0,0,0,0,0,0,0,0,0,0,0,0,0,0,0,0,0,0,0,0,0,0,0,3456,24564
2026-01-15 18:06:21,10.4,108109,18217,0,0,0,0,0,0,0,0,0,0,0,0,0,0,0,0,0,0,0,0,0,0,0,0,0,3456,24564
2026-01-15 18:06:22,6.7,108127,18200,0,0,0,0,0,0,0,0,0,0,0,0,0,0,0,0,0,0,0,0,0,0,0,0,0,3456,24564
2026-01-15 18:06:23,7.5,108128,18199,0,0,0,0,0,0,0,0,0,0,0,0,0,0,0,0,0,0,0,0,0,0,0,0,3,3456,24564
2026-01-15 18:06:24,6.6,108301,18025,0,0,0,0,0,0,0,0,0,0,0,0,0,0,0,0,0,0,0,0,0,0,0,0,0,3456,24564
2026-01-15 18:06:26,7.2,108461,17866,0,0,0,0,0,0,0,0,0,0,0,0,0,0,0,0,0,0,0,0,0,0,0,0,2,3456,24564
2026-01-15 18:06:27,7.7,108153,18176,0,0,0,0,0,0,0,0,0,0,0,0,0,0,0,0,0,0,0,0,0,0,0,0,0,3456,24564
2026-01-15 18:06:28,9.7,108083,18244,0,0,0,0,0,0,0,0,0,0,0,0,0,0,0,0,0,0,0,0,0,0,0,0,0,3456,24564
2026-01-15 18:06:29,7.5,108224,18095,0,0,0,0,0,0,0,0,0,0,0,0,0,0,0,0,0,0,0,0,0,0,0,0,0,3456,24564
2026-01-15 18:06:31,6.9,108116,18212,0,0,0,0,0,0,0,0,0,0,0,0,0,0,0,0,0,0,0,0,0,0,0,0,0,3456,24564
2026-01-15 18:06:32,7.2,108219,18109,0,0,0,0,0,0,0,0,0,0,0,0,0,0,0,0,0,0,0,0,0,0,0,0,0,3456,24564
2026-01-15 18:06:33,7.8,108336,17991,0,0,0,0,0,0,0,0,0,0,0,0,0,0,0,0,0,0,0,0,0,0,0,0,0,3456,24564
2026-01-15 18:06:34,7.0,108271,18056,0,0,0,0,0,0,0,0,0,0,0,0,0,0,0,0,0,0,0,0,0,0,0,0,0,3456,24564
2026-01-15 18:06:36,7.4,108443,17884,0,0,0,0,0,0,0,0,0,0,0,0,0,0,0,0,0,0,0,0,0,0,0,0,2,3456,24564
2026-01-15 18:06:37,7.7,108591,17735,0,0,0,0,0,0,0,0,0,0,0,0,0,0,0,0,0,0,0,0,0,0,0,0,2,3456,24564
2026-01-15 18:06:38,9.3,108467,17860,0,0,0,0,0,0,0,0,0,0,0,0,0,0,0,0,0,0,0,0,0,0,0,0,2,3456,24564
2026-01-15 18:06:40,7.2,108485,17841,0,0,0,0,0,0,0,0,0,0,0,0,0,0,0,0,0,0,0,0,0,0,0,0,0,3456,24564
2026-01-15 18:06:41,7.1,108572,17755,0,0,0,0,0,0,0,0,0,0,0,0,0,0,0,0,0,0,0,0,0,0,0,0,0,3456,24564
2026-01-15 18:06:42,9.3,108747,17580,0,0,0,0,0,0,0,0,0,0,0,0,0,0,0,0,0,0,0,0,0,0,0,0,2,3456,24564
2026-01-15 18:06:43,7.2,108460,17867,0,0,0,0,0,0,0,0,0,0,0,0,0,0,0,0,0,0,0,0,0,0,0,0,0,3456,24564
2026-01-15 18:06:45,7.5,108524,17803,0,0,0,0,0,0,0,0,0,0,0,0,0,0,0,0,0,0,0,0,0,0,0,0,0,3456,24564
2026-01-15 18:06:46,7.4,108572,17754,0,0,0,0,0,0,0,0,0,0,0,0,0,0,0,0,0,0,0,0,0,0,0,0,0,3456,24564
2026-01-15 18:06:47,8.9,108732,17595,0,0,0,0,0,0,0,0,0,0,0,0,0,0,0,0,0,0,0,0,0,0,0,0,2,3456,24564
2026-01-15 18:06:48,7.4,108866,17461,0,0,0,0,0,0,0,0,0,0,0,0,0,0,0,0,0,0,0,0,0,0,0,0,0,3456,24564
2026-01-15 18:06:50,7.4,108697,17629,0,0,0,0,0,0,0,0,0,0,0,0,0,0,0,0,0,0,0,0,0,0,0,0,2,3456,24564
2026-01-15 18:06:51,7.8,108822,17505,0,0,0,0,0,0,0,0,0,0,0,0,0,0,0,0,0,0,0,0,0,0,0,0,2,3456,24564
2026-01-15 18:06:52,7.5,108813,17514,0,0,0,0,0,0,0,0,0,0,0,0,0,0,0,0,0,0,0,0,0,0,0,0,0,3456,24564
2026-01-15 18:06:53,7.2,108836,17490,0,0,0,0,0,0,0,0,0,0,0,0,0,0,0,0,0,0,0,0,0,0,0,0,0,3456,24564
2026-01-15 18:06:55,7.2,109039,17287,0,0,0,0,0,0,0,0,0,0,0,0,0,0,0,0,0,0,0,0,0,0,0,0,3,3456,24564
2026-01-15 18:06:56,9.7,108774,17554,0,0,0,0,0,0,0,0,0,0,0,0,0,0,0,0,0,0,0,0,0,0,0,0,3,3456,24564
2026-01-15 18:06:57,7.3,108904,17422,0,0,0,0,0,0,0,0,0,0,0,0,0,0,0,0,0,0,0,0,0,0,0,0,0,3456,24564
2026-01-15 18:06:58,6.9,108951,17376,0,0,0,0,0,0,0,0,0,0,0,0,0,0,0,0,0,0,0,0,0,0,0,0,0,3456,24564
2026-01-15 18:07:00,6.8,108767,17560,0,0,0,0,0,0,0,0,0,0,0,0,0,0,0,0,0,0,0,0,0,0,0,0,0,3456,24564
2026-01-15 18:07:01,7.3,108892,17435,0,0,0,0,0,0,0,0,0,0,0,0,0,0,0,0,0,0,0,0,0,0,0,0,0,3456,24564
2026-01-15 18:07:02,12.3,108867,17460,0,0,0,0,0,0,0,0,0,0,0,0,0,0,0,0,0,0,0,0,0,0,0,0,0,3456,24564
2026-01-15 18:07:03,7.1,108852,17475,0,0,0,0,0,0,0,0,0,0,0,0,0,0,0,0,0,0,0,0,0,0,0,0,3,3456,24564
2026-01-15 18:07:05,7.0,108927,17400,0,0,0,0,0,0,0,0,0,0,0,0,0,0,0,0,0,0,0,0,0,0,0,0,1,3456,24564
2026-01-15 18:07:06,6.8,108848,17478,0,0,0,0,0,0,0,0,0,0,0,0,0,0,0,0,0,0,0,0,0,0,0,0,2,3456,24564
2026-01-15 18:07:07,6.9,109023,17303,0,0,0,0,0,0,0,0,0,0,0,0,0,0,0,0,0,0,0,0,0,0,0,0,1,3456,24564
2026-01-15 18:07:08,7.3,109171,17156,0,0,0,0,0,0,0,0,0,0,0,0,0,0,0,0,0,0,0,0,0,0,0,0,1,3456,24564
2026-01-15 18:07:10,6.9,109058,17269,0,0,0,0,0,0,0,0,0,0,0,0,0,0,0,0,0,0,0,0,0,0,0,0,1,3456,24564
2026-01-15 18:07:11,7.1,109600,16726,0,0,0,0,0,0,0,0,0,0,0,0,0,0,0,0,0,0,0,0,0,0,0,0,0,3673,24564
2026-01-15 18:07:12,11.5,109592,16735,0,0,0,0,0,0,0,0,0,0,0,0,0,0,0,0,0,0,0,0,0,0,0,0,1,3537,24564
2026-01-15 18:07:13,6.8,109685,16642,0,0,0,0,0,0,0,0,0,0,0,0,0,0,0,0,0,0,0,0,0,0,0,0,0,3537,24564
2026-01-15 18:07:15,6.8,109399,16928,0,0,0,0,0,0,0,0,0,0,0,0,0,0,0,0,0,0,0,0,0,0,0,0,1,3537,24564
2026-01-15 18:07:16,7.0,109492,16835,0,0,0,0,0,0,0,0,0,0,0,0,0,0,0,0,0,0,0,0,0,0,0,0,1,3537,24564
2026-01-15 18:07:17,10.3,109743,16583,0,0,0,0,0,0,0,0,0,0,0,0,0,0,0,0,0,0,0,0,0,0,0,0,3,3537,24564
2026-01-15 18:07:18,8.9,109342,16984,0,0,0,0,0,0,0,0,0,0,0,0,0,0,0,0,0,0,0,0,0,0,0,0,2,3537,24564
2026-01-15 18:07:20,11.5,109480,16847,0,0,0,0,0,0,0,0,0,0,0,0,0,0,0,0,0,0,0,0,0,0,0,0,0,3537,24564
2026-01-15 18:07:21,6.6,109545,16781,0,0,0,0,0,0,0,0,0,0,0,0,0,0,0,0,0,0,0,0,0,0,0,0,0,3537,24564
2026-01-15 18:07:22,15.9,109649,16677,0,0,0,0,0,0,0,0,0,0,0,0,0,0,0,0,0,0,0,0,0,0,0,0,0,3537,24564
2026-01-15 18:07:23,10.1,109923,16403,0,0,0,0,0,0,0,0,0,0,0,0,0,0,0,0,0,0,0,0,0,0,0,0,0,3537,24564
2026-01-15 18:07:25,7.2,109624,16702,0,0,0,0,0,0,0,0,0,0,0,0,0,0,0,0,0,0,0,0,0,0,0,0,0,3537,24564
2026-01-15 18:07:26,7.5,109646,16680,0,0,0,0,0,0,0,0,0,0,0,0,0,0,0,0,0,0,0,0,0,0,0,0,2,3537,24564
2026-01-15 18:07:27,7.2,109535,16789,0,0,0,0,0,0,0,0,0,0,0,0,0,0,0,0,0,0,0,0,0,0,0,0,0,3537,24564
2026-01-15 18:07:28,7.2,109675,16652,0,0,0,0,0,0,0,0,0,0,0,0,0,0,0,0,0,0,0,0,0,0,0,0,0,3537,24564
2026-01-15 18:07:30,6.7,109791,16536,0,0,0,0,0,0,0,0,0,0,0,0,0,0,0,0,0,0,0,0,0,0,0,0,0,3537,24564
2026-01-15 18:07:31,7.2,109586,16741,0,0,0,0,0,0,0,0,0,0,0,0,0,0,0,0,0,0,0,0,0,0,0,0,0,3537,24564
2026-01-15 18:07:32,8.3,109656,16670,0,0,0,0,0,0,0,0,0,0,0,0,0,0,0,0,0,0,0,0,0,0,0,0,0,3537,24564
2026-01-15 18:07:33,7.3,109698,16628,0,0,0,0,0,0,0,0,0,0,0,0,0,0,0,0,0,0,0,0,0,0,0,0,0,3537,24564
2026-01-15 18:07:35,7.4,109761,16565,0,0,0,0,0,0,0,0,0,0,0,0,0,0,0,0,0,0,0,0,0,0,0,0,0,3537,24564
2026-01-15 18:07:36,7.5,109804,16522,0,0,0,0,0,0,0,0,0,0,0,0,0,0,0,0,0,0,0,0,0,0,0,0,0,3537,24564
2026-01-15 18:07:37,6.9,109882,16444,0,0,0,0,0,0,0,0,0,0,0,0,0,0,0,0,0,0,0,0,0,0,0,0,1,3537,24564
2026-01-15 18:07:38,7.0,109903,16424,0,0,0,0,0,0,0,0,0,0,0,0,0,0,0,0,0,0,0,0,0,0,0,0,0,3537,24564
2026-01-15 18:07:40,8.9,109939,16387,0,0,0,0,0,0,0,0,0,0,0,0,0,0,0,0,0,0,0,0,0,0,0,0,0,3537,24564
2026-01-15 18:07:41,11.7,110105,16221,0,0,0,0,0,0,0,0,0,0,0,0,0,0,0,0,0,0,0,0,0,0,0,0,0,3537,24564
2026-01-15 18:07:42,6.7,109895,16431,0,0,0,0,0,0,0,0,0,0,0,0,0,0,0,0,0,0,0,0,0,0,0,0,0,3537,24564
2026-01-15 18:07:43,7.4,110070,16257,0,0,0,0,0,0,0,0,0,0,0,0,0,0,0,0,0,0,0,0,0,0,0,0,0,3537,24564
2026-01-15 18:07:45,8.8,110167,16159,0,0,0,0,0,0,0,0,0,0,0,0,0,0,0,0,0,0,0,0,0,0,0,0,0,3537,24564
2026-01-15 18:07:46,12.5,109879,16448,0,0,0,0,0,0,0,0,0,0,0,0,0,0,0,0,0,0,0,0,0,0,0,0,0,3537,24564
2026-01-15 18:07:47,7.4,109965,16362,0,0,0,0,0,0,0,0,0,0,0,0,0,0,0,0,0,0,0,0,0,0,0,0,1,3537,24564
2026-01-15 18:07:48,7.2,110084,16243,0,0,0,0,0,0,0,0,0,0,0,0,0,0,0,0,0,0,0,0,0,0,0,0,1,3537,24564
2026-01-15 18:07:50,7.2,110250,16077,0,0,0,0,0,0,0,0,0,0,0,0,0,0,0,0,0,0,0,0,0,0,0,0,0,3537,24564
2026-01-15 18:07:51,7.6,110076,16251,0,0,0,0,0,0,0,0,0,0,0,0,0,0,0,0,0,0,0,0,0,0,0,0,0,3537,24564
2026-01-15 18:07:52,6.8,110201,16126,0,0,0,0,0,0,0,0,0,0,0,0,0,0,0,0,0,0,0,0,0,0,0,0,0,3537,24564
2026-01-15 18:07:53,4.0,110242,16085,0,0,0,0,0,0,0,0,0,0,0,0,0,0,0,0,0,0,0,0,0,0,0,0,0,3537,24564
2026-01-15 18:07:55,4.0,110289,16038,0,0,0,0,0,0,0,0,0,0,0,0,0,0,0,0,0,0,0,0,0,0,0,0,0,3537,24564
2026-01-15 18:07:56,3.4,110422,15904,0,0,0,0,0,0,0,0,0,0,0,0,0,0,0,0,0,0,0,0,0,0,0,0,0,3537,24564
2026-01-15 18:07:57,4.0,110372,15954,0,0,0,0,0,0,0,0,0,0,0,0,0,0,0,0,0,0,0,0,0,0,0,0,1,3537,24564
2026-01-15 18:07:58,3.5,110445,15882,0,0,0,0,0,0,0,0,0,0,0,0,0,0,0,0,0,0,0,0,0,0,0,0,0,3537,24564
2026-01-15 18:08:00,3.2,110444,15882,0,0,0,0,0,0,0,0,0,0,0,0,0,0,0,0,0,0,0,0,0,0,0,0,1,3537,24564
2026-01-15 18:08:01,3.4,110181,16146,0,0,0,0,0,0,0,0,0,0,0,0,0,0,0,0,0,0,0,0,0,0,0,0,0,3537,24564
2026-01-15 18:08:02,3.7,110253,16074,0,0,0,0,0,0,0,0,0,0,0,0,0,0,0,0,0,0,0,0,0,0,0,0,0,3537,24564
2026-01-15 18:08:03,3.5,110351,15975,0,0,0,0,0,0,0,0,0,0,0,0,0,0,0,0,0,0,0,0,0,0,0,0,0,3537,24564
2026-01-15 18:08:05,3.4,110366,15961,0,0,0,0,0,0,0,0,0,0,0,0,0,0,0,0,0,0,0,0,0,0,0,0,0,3537,24564
2026-01-15 18:08:06,3.7,110104,16222,0,0,0,0,0,0,0,0,0,0,0,0,0,0,0,0,0,0,0,0,0,0,0,0,2,3537,24564
2026-01-15 18:08:07,3.7,110252,16075,0,0,0,0,0,0,0,0,0,0,0,0,0,0,0,0,0,0,0,0,0,0,0,0,0,3537,24564
2026-01-15 18:08:08,3.5,110339,15988,0,0,0,0,0,0,0,0,0,0,0,0,0,0,0,0,0,0,0,0,0,0,0,0,0,3537,24564
2026-01-15 18:08:10,8.0,110366,15961,0,0,0,0,0,0,0,0,0,0,0,0,0,0,0,0,0,0,0,0,0,0,0,0,1,3537,24564
2026-01-15 18:08:11,8.7,110341,15986,0,0,0,0,0,0,0,0,0,0,0,0,0,0,0,0,0,0,0,0,0,0,0,0,3,3537,24564
2026-01-15 18:08:12,3.4,110379,15951,0,0,0,0,0,0,0,0,0,0,0,0,0,0,0,0,0,0,0,0,0,0,0,0,0,3537,24564
2026-01-15 18:08:13,3.4,110465,15862,0,0,0,0,0,0,0,0,0,0,0,0,0,0,0,0,0,0,0,0,0,0,0,0,1,3537,24564
2026-01-15 18:08:15,3.4,110721,15605,0,0,0,0,0,0,0,0,0,0,0,0,0,0,0,0,0,0,0,0,0,0,0,0,0,3537,24564
2026-01-15 18:08:16,3.7,110307,16020,0,0,0,0,0,0,0,0,0,0,0,0,0,0,0,0,0,0,0,0,0,0,0,0,2,3537,24564
2026-01-15 18:08:17,3.5,110316,16012,0,0,0,0,0,0,0,0,0,0,0,0,0,0,0,0,0,0,0,0,0,0,0,0,0,3537,24564
2026-01-15 18:08:18,3.5,110323,16004,0,0,0,0,0,0,0,0,0,0,0,0,0,0,0,0,0,0,0,0,0,0,0,0,0,3537,24564
2026-01-15 18:08:20,3.8,110442,15885,0,0,0,0,0,0,0,0,0,0,0,0,0,0,0,0,0,0,0,0,0,0,0,0,0,3537,24564
2026-01-15 18:08:21,5.2,110311,16015,0,0,0,0,0,0,0,0,0,0,0,0,0,0,0,0,0,0,0,0,0,0,0,0,2,3537,24564
2026-01-15 18:08:22,3.5,110493,15834,0,0,0,0,0,0,0,0,0,0,0,0,0,0,0,0,0,0,0,0,0,0,0,0,0,3537,24564
2026-01-15 18:08:24,3.7,110655,15672,0,0,0,0,0,0,0,0,0,0,0,0,0,0,0,0,0,0,0,0,0,0,0,0,1,3537,24564
2026-01-15 18:08:25,4.0,110451,15875,0,0,0,0,0,0,0,0,0,0,0,0,0,0,0,0,0,0,0,0,0,0,0,0,0,3537,24564
2026-01-15 18:08:26,3.4,110507,15820,0,0,0,0,0,0,0,0,0,0,0,0,0,0,0,0,0,0,0,0,0,0,0,0,2,3537,24564
2026-01-15 18:08:27,4.0,110374,15952,0,0,0,0,0,0,0,0,0,0,0,0,0,0,0,0,0,0,0,0,0,0,0,0,1,3537,24564
2026-01-15 18:08:29,3.4,110485,15841,0,0,0,0,0,0,0,0,0,0,0,0,0,0,0,0,0,0,0,0,0,0,0,0,0,3537,24564
2026-01-15 18:08:30,3.5,110426,15902,0,0,0,0,0,0,0,0,0,0,0,0,0,0,0,0,0,0,0,0,0,0,0,0,0,3537,24564
2026-01-15 18:08:31,7.2,110571,15757,0,0,0,0,0,0,0,0,0,0,0,0,0,0,0,0,0,0,0,0,0,0,0,0,2,3537,24564
2026-01-15 18:08:32,3.8,110704,15623,0,0,0,0,0,0,0,0,0,0,0,0,0,0,0,0,0,0,0,0,0,0,0,0,0,3537,24564
2026-01-15 18:08:34,3.5,110470,15856,0,0,0,0,0,0,0,0,0,0,0,0,0,0,0,0,0,0,0,0,0,0,0,0,1,3537,24564
2026-01-15 18:08:35,3.3,110427,15900,0,0,0,0,0,0,0,0,0,0,0,0,0,0,0,0,0,0,0,0,0,0,0,0,0,3537,24564
2026-01-15 18:08:36,7.7,110553,15774,0,0,0,0,0,0,0,0,0,0,0,0,0,0,0,0,0,0,0,0,0,0,0,0,3,3537,24564
2026-01-15 18:08:37,5.6,110630,15696,0,0,0,0,0,0,0,0,0,0,0,0,0,0,0,0,0,0,0,0,0,0,0,0,1,3537,24564
2026-01-15 18:08:39,3.7,110747,15579,0,0,0,0,0,0,0,0,0,0,0,0,0,0,0,0,0,0,0,0,0,0,0,0,0,3537,24564
2026-01-15 18:08:40,3.7,110661,15665,0,0,0,0,0,0,0,0,0,0,0,0,0,0,0,0,0,0,0,0,0,0,0,0,0,3537,24564
2026-01-15 18:08:41,3.7,110669,15659,0,0,0,0,0,0,0,0,0,0,0,0,0,0,0,0,0,0,0,0,0,0,0,0,0,3537,24564
2026-01-15 18:08:42,3.4,110651,15676,0,0,0,0,0,0,0,0,0,0,0,0,0,0,0,0,0,0,0,0,0,0,0,0,0,3537,24564
2026-01-15 18:08:44,3.7,110849,15478,0,0,0,0,0,0,0,0,0,0,0,0,0,0,0,0,0,0,0,0,0,0,0,0,0,3537,24564
2026-01-15 18:08:45,3.5,110620,15707,0,0,0,0,0,0,0,0,0,0,0,0,0,0,0,0,0,0,0,0,0,0,0,0,1,3537,24564
2026-01-15 18:08:46,4.0,110687,15640,0,0,0,0,0,0,0,0,0,0,0,0,0,0,0,0,0,0,0,0,0,0,0,0,0,3537,24564
2026-01-15 18:08:47,3.8,110842,15485,0,0,0,0,0,0,0,0,0,0,0,0,0,0,0,0,0,0,0,0,0,0,0,0,1,3537,24564
2026-01-15 18:08:49,3.9,110541,15787,0,0,0,0,0,0,0,0,0,0,0,0,0,0,0,0,0,0,0,0,0,0,0,0,0,3537,24564
2026-01-15 18:08:50,3.3,110668,15659,0,0,0,0,0,0,0,0,0,0,0,0,0,0,0,0,0,0,0,0,0,0,0,0,0,3537,24564
2026-01-15 18:08:51,3.3,110556,15765,0,0,0,0,0,0,0,0,0,0,0,0,0,0,0,0,0,0,0,0,0,0,0,0,0,3537,24564
2026-01-15 18:08:52,3.4,110676,15650,0,0,0,0,0,0,0,0,0,0,0,0,0,0,0,0,0,0,0,0,0,0,0,0,0,3537,24564
2026-01-15 18:08:54,3.7,110730,15597,0,0,0,0,0,0,0,0,0,0,0,0,0,0,0,0,0,0,0,0,0,0,0,0,0,3537,24564
2026-01-15 18:08:55,3.8,110592,15735,0,0,0,0,0,0,0,0,0,0,0,0,0,0,0,0,0,0,0,0,0,0,0,0,0,3537,24564
2026-01-15 18:08:56,4.3,110688,15638,0,0,0,0,0,0,0,0,0,0,0,0,0,0,0,0,0,0,0,0,0,0,0,0,0,3537,24564
2026-01-15 18:08:57,3.8,110717,15610,0,0,0,0,0,0,0,0,0,0,0,0,0,0,0,0,0,0,0,0,0,0,0,0,1,3537,24564
2026-01-15 18:08:59,3.4,110746,15581,0,0,0,0,0,0,0,0,0,0,0,0,0,0,0,0,0,0,0,0,0,0,0,0,1,3537,24564
2026-01-15 18:09:00,3.4,110537,15790,0,0,0,0,0,0,0,0,0,0,0,0,0,0,0,0,0,0,0,0,0,0,0,0,1,3537,24564
2026-01-15 18:09:01,4.3,110645,15681,0,0,0,0,0,0,0,0,0,0,0,0,0,0,0,0,0,0,0,0,0,0,0,0,0,3537,24564
2026-01-15 18:09:02,4.2,110779,15548,0,0,0,0,0,0,0,0,0,0,0,0,0,0,0,0,0,0,0,0,0,0,0,0,0,3537,24564
2026-01-15 18:09:04,5.5,110472,15847,0,0,0,0,0,0,0,0,0,0,0,0,0,0,0,0,0,0,0,0,0,0,0,0,0,3537,24564
2026-01-15 18:09:05,5.2,110471,15855,0,0,0,0,0,0,0,0,0,0,0,0,0,0,0,0,0,0,0,0,0,0,0,0,0,3537,24564
2026-01-15 18:09:06,4.0,110450,15877,0,0,0,0,0,0,0,0,0,0,0,0,0,0,0,0,0,0,0,0,0,0,0,0,0,3537,24564
2026-01-15 18:09:07,3.7,110500,15827,0,0,0,0,0,0,0,0,0,0,0,0,0,0,0,0,0,0,0,0,0,0,0,0,2,3537,24564
2026-01-15 18:09:09,4.3,110606,15721,0,0,0,0,0,0,0,0,0,0,0,0,0,0,0,0,0,0,0,0,0,0,0,0,1,3537,24564
2026-01-15 18:09:10,3.5,110457,15870,0,0,0,0,0,0,0,0,0,0,0,0,0,0,0,0,0,0,0,0,0,0,0,0,0,3537,24564
2026-01-15 18:09:11,3.8,110486,15841,0,0,0,0,0,0,0,0,0,0,0,0,0,0,0,0,0,0,0,0,0,0,0,0,0,3537,24564
2026-01-15 18:09:12,3.2,110497,15830,0,0,0,0,0,0,0,0,0,0,0,0,0,0,0,0,0,0,0,0,0,0,0,0,0,3537,24564
2026-01-15 18:09:14,3.7,110638,15689,0,0,0,0,0,0,0,0,0,0,0,0,0,0,0,0,0,0,0,0,0,0,0,0,0,3537,24564
2026-01-15 18:09:15,8.0,110448,15879,0,0,0,0,0,0,0,0,0,0,0,0,0,0,0,0,0,0,0,0,0,0,0,0,1,3537,24564
2026-01-15 18:09:16,4.1,110486,15841,0,0,0,0,0,0,0,0,0,0,0,0,0,0,0,0,0,0,0,0,0,0,0,0,0,3537,24564
2026-01-15 18:09:17,4.0,110483,15845,0,0,0,0,0,0,0,0,0,0,0,0,0,0,0,0,0,0,0,0,0,0,0,0,0,3537,24564
2026-01-15 18:09:19,3.8,110600,15726,0,0,0,0,0,0,0,0,0,0,0,0,0,0,0,0,0,0,0,0,0,0,0,0,0,3537,24564
2026-01-15 18:09:20,6.8,110357,15970,0,0,0,0,0,0,0,0,0,0,0,0,0,0,0,0,0,0,0,0,0,0,0,0,0,3537,24564
2026-01-15 18:09:21,3.8,110547,15779,0,0,0,0,0,0,0,0,0,0,0,0,0,0,0,0,0,0,0,0,0,0,0,0,0,3537,24564
2026-01-15 18:09:22,3.4,110572,15747,0,0,0,0,0,0,0,0,0,0,0,0,0,0,0,0,0,0,0,0,0,0,0,0,1,3537,24564
2026-01-15 18:09:24,3.7,110325,16002,0,0,0,0,0,0,0,0,0,0,0,0,0,0,0,0,0,0,0,0,0,0,0,0,1,3537,24564
2026-01-15 18:09:25,3.7,110422,15905,0,0,0,0,0,0,0,0,0,0,0,0,0,0,0,0,0,0,0,0,0,0,0,0,1,3537,24564
2026-01-15 18:09:26,6.8,110488,15839,0,0,0,0,0,0,0,0,0,0,0,0,0,0,0,0,0,0,0,0,0,0,0,0,0,3537,24564
2026-01-15 18:09:27,3.4,110563,15764,0,0,0,0,0,0,0,0,0,0,0,0,0,0,0,0,0,0,0,0,0,0,0,0,0,3537,24564
2026-01-15 18:09:29,3.5,110311,16016,0,0,0,0,0,0,0,0,0,0,0,0,0,0,0,0,0,0,0,0,0,0,0,0,0,3537,24564
2026-01-15 18:09:30,3.7,110401,15928,0,0,0,0,0,0,0,0,0,0,0,0,0,0,0,0,0,0,0,0,0,0,0,0,0,3537,24564
2026-01-15 18:09:31,6.6,110521,15805,0,0,0,0,0,0,0,0,0,0,0,0,0,0,0,0,0,0,0,0,0,0,0,0,0,3537,24564
2026-01-15 18:09:32,3.8,110554,15772,0,0,0,0,0,0,0,0,0,0,0,0,0,0,0,0,0,0,0,0,0,0,0,0,0,3537,24564
2026-01-15 18:09:34,3.8,110439,15887,0,0,0,0,0,0,0,0,0,0,0,0,0,0,0,0,0,0,0,0,0,0,0,0,1,3537,24564
2026-01-15 18:09:35,2.9,110531,15796,0,0,0,0,0,0,0,0,0,0,0,0,0,0,0,0,0,0,0,0,0,0,0,0,1,3537,24564
2026-01-15 18:09:36,6.6,110461,15865,0,0,0,0,0,0,0,0,0,0,0,0,0,0,0,0,0,0,0,0,0,0,0,0,0,3537,24564
2026-01-15 18:09:37,6.5,110489,15838,0,0,0,0,0,0,0,0,0,0,0,0,0,0,0,0,0,0,0,0,0,0,0,0,0,3537,24564
2026-01-15 18:09:39,3.5,110493,15834,0,0,0,0,0,0,0,0,0,0,0,0,0,0,0,0,0,0,0,0,0,0,0,0,0,3537,24564
2026-01-15 18:09:40,6.6,110521,15805,0,0,0,0,0,0,0,0,0,0,0,0,0,0,0,0,0,0,0,0,0,0,0,0,0,3537,24564
2026-01-15 18:09:41,4.3,110648,15679,0,0,0,0,0,0,0,0,0,0,0,0,0,0,0,0,0,0,0,0,0,0,0,0,0,3537,24564
2026-01-15 18:09:42,4.0,110454,15873,0,0,0,0,0,0,0,0,0,0,0,0,0,0,0,0,0,0,0,0,0,0,0,0,0,3537,24564
2026-01-15 18:09:44,3.5,110510,15818,0,0,0,0,0,0,0,0,0,0,0,0,0,0,0,0,0,0,0,0,0,0,0,0,0,3537,24564
2026-01-15 18:09:45,5.5,110608,15719,0,0,0,0,0,0,0,0,0,0,0,0,0,0,0,0,0,0,0,0,0,0,0,0,1,3537,24564
2026-01-15 18:09:46,8.0,110272,16055,0,0,0,0,0,0,0,0,0,0,0,0,0,0,0,0,0,0,0,0,0,0,0,0,2,3537,24564
2026-01-15 18:09:47,4.1,110404,15922,0,0,0,0,0,0,0,0,0,0,0,0,0,0,0,0,0,0,0,0,0,0,0,0,0,3537,24564
2026-01-15 18:09:49,3.7,110553,15774,0,0,0,0,0,0,0,0,0,0,0,0,0,0,0,0,0,0,0,0,0,0,0,0,1,3537,24564
2026-01-15 18:09:50,3.5,110584,15742,0,0,0,0,0,0,0,0,0,0,0,0,0,0,0,0,0,0,0,0,0,0,0,0,0,3537,24564
2026-01-15 18:09:51,3.7,110506,15821,0,0,0,0,0,0,0,0,0,0,0,0,0,0,0,0,0,0,0,0,0,0,0,0,0,3537,24564
2026-01-15 18:09:52,4.4,110572,15755,0,0,0,0,0,0,0,0,0,0,0,0,0,0,0,0,0,0,0,0,0,0,0,0,0,3537,24564
2026-01-15 18:09:54,4.0,110582,15744,0,0,0,0,0,0,0,0,0,0,0,0,0,0,0,0,0,0,0,0,0,0,0,0,0,3537,24564
2026-01-15 18:09:55,4.3,110336,15991,0,0,0,0,0,0,0,0,0,0,0,0,0,0,0,0,0,0,0,0,0,0,0,0,0,3537,24564
2026-01-15 18:09:56,3.7,110469,15858,0,0,0,0,0,0,0,0,0,0,0,0,0,0,0,0,0,0,0,0,0,0,0,0,0,3537,24564
2026-01-15 18:09:57,7.6,110521,15806,0,0,0,0,0,0,0,0,0,0,0,0,0,0,0,0,0,0,0,0,0,0,0,0,0,3537,24564
2026-01-15 18:09:59,3.4,110341,15986,0,0,0,0,0,0,0,0,0,0,0,0,0,0,0,0,0,0,0,0,0,0,0,0,1,3537,24564
2026-01-15 18:10:00,3.4,110455,15871,0,0,0,0,0,0,0,0,0,0,0,0,0,0,0,0,0,0,0,0,0,0,0,0,3,3537,24564
2026-01-15 18:10:01,3.7,110635,15692,0,0,0,0,0,0,0,0,0,0,0,0,0,0,0,0,0,0,0,0,0,0,0,0,0,3537,24564
2026-01-15 18:10:02,3.4,110432,15895,0,0,0,0,0,0,0,0,0,0,0,0,0,0,0,0,0,0,0,0,0,0,0,0,1,3537,24564
2026-01-15 18:10:04,3.7,110491,15835,0,0,0,0,0,0,0,0,0,0,0,0,0,0,0,0,0,0,0,0,0,0,0,0,0,3537,24564
2026-01-15 18:10:05,3.4,110539,15787,0,0,0,0,0,0,0,0,0,0,0,0,0,0,0,0,0,0,0,0,0,0,0,0,2,3537,24564
2026-01-15 18:10:06,4.0,110361,15966,0,0,0,0,0,0,0,0,0,0,0,0,0,0,0,0,0,0,0,0,0,0,0,0,0,3537,24564
2026-01-15 18:10:07,3.9,110464,15863,0,0,0,0,0,0,0,0,0,0,0,0,0,0,0,0,0,0,0,0,0,0,0,0,0,3537,24564
2026-01-15 18:10:09,7.5,110540,15786,0,0,0,0,0,0,0,0,0,0,0,0,0,0,0,0,0,0,0,0,0,0,0,0,1,3537,24564
2026-01-15 18:10:10,4.0,110382,15945,0,0,0,0,0,0,0,0,0,0,0,0,0,0,0,0,0,0,0,0,0,0,0,0,3,3537,24564
2026-01-15 18:10:11,4.0,110437,15890,0,0,0,0,0,0,0,0,0,0,0,0,0,0,0,0,0,0,0,0,0,0,0,0,0,3537,24564
2026-01-15 18:10:12,3.2,110531,15796,0,0,0,0,0,0,0,0,0,0,0,0,0,0,0,0,0,0,0,0,0,0,0,0,1,3537,24564
2026-01-15 18:10:14,3.4,110597,15730,0,0,0,0,0,0,0,0,0,0,0,0,0,0,0,0,0,0,0,0,0,0,0,0,0,3537,24564
2026-01-15 18:10:15,3.2,110632,15689,0,0,0,0,0,0,0,0,0,0,0,0,0,0,0,0,0,0,0,0,0,0,0,0,2,3537,24564
2026-01-15 18:10:16,7.5,110506,15821,0,0,0,0,0,0,0,0,0,0,0,0,0,0,0,0,0,0,0,0,0,0,0,0,0,3537,24564
2026-01-15 18:10:17,3.5,110586,15740,0,0,0,0,0,0,0,0,0,0,0,0,0,0,0,0,0,0,0,0,0,0,0,0,0,3537,24564
2026-01-15 18:10:19,3.7,110661,15666,0,0,0,0,0,0,0,0,0,0,0,0,0,0,0,0,0,0,0,0,0,0,0,0,0,3537,24564
2026-01-15 18:10:20,3.7,110562,15764,0,0,0,0,0,0,0,0,0,0,0,0,0,0,0,0,0,0,0,0,0,0,0,0,2,3537,24564
2026-01-15 18:10:21,6.2,110649,15678,0,0,0,0,0,0,0,0,0,0,0,0,0,0,0,0,0,0,0,0,0,0,0,0,0,3537,24564
2026-01-15 18:10:22,3.8,110712,15615,0,0,0,0,0,0,0,0,0,0,0,0,0,0,0,0,0,0,0,0,0,0,0,0,1,3537,24564
2026-01-15 18:10:24,3.5,110511,15818,0,0,0,0,0,0,0,0,0,0,0,0,0,0,0,0,0,0,0,0,0,0,0,0,0,3537,24564
2026-01-15 18:10:25,3.4,110602,15723,0,0,0,0,0,0,0,0,0,0,0,0,0,0,0,0,0,0,0,0,0,0,0,0,2,3537,24564
2026-01-15 18:10:26,4.0,110638,15688,0,0,0,0,0,0,0,0,0,0,0,0,0,0,0,0,0,0,0,0,0,0,0,0,1,3537,24564
2026-01-15 18:10:27,3.5,110694,15632,0,0,0,0,0,0,0,0,0,0,0,0,0,0,0,0,0,0,0,0,0,0,0,0,0,3537,24564
2026-01-15 18:10:29,3.8,110565,15762,0,0,0,0,0,0,0,0,0,0,0,0,0,0,0,0,0,0,0,0,0,0,0,0,0,3537,24564
2026-01-15 18:10:30,3.7,110632,15696,0,0,0,0,0,0,0,0,0,0,0,0,0,0,0,0,0,0,0,0,0,0,0,0,2,3537,24564
2026-01-15 18:10:31,3.8,110380,15947,0,0,0,0,0,0,0,0,0,0,0,0,0,0,0,0,0,0,0,0,0,0,0,0,0,3537,24564
2026-01-15 18:10:32,3.4,110510,15817,0,0,0,0,0,0,0,0,0,0,0,0,0,0,0,0,0,0,0,0,0,0,0,0,1,3537,24564
2026-01-15 18:10:34,3.8,110631,15696,0,0,0,0,0,0,0,0,0,0,0,0,0,0,0,0,0,0,0,0,0,0,0,0,0,3537,24564
2026-01-15 18:10:35,3.4,110364,15962,0,0,0,0,0,0,0,0,0,0,0,0,0,0,0,0,0,0,0,0,0,0,0,0,0,3537,24564
2026-01-15 18:10:36,8.1,110426,15901,0,0,0,0,0,0,0,0,0,0,0,0,0,0,0,0,0,0,0,0,0,0,0,0,1,3537,24564
2026-01-15 18:10:38,7.4,110472,15854,0,0,0,0,0,0,0,0,0,0,0,0,0,0,0,0,0,0,0,0,0,0,0,0,1,3537,24564
2026-01-15 18:10:39,3.8,110600,15727,0,0,0,0,0,0,0,0,0,0,0,0,0,0,0,0,0,0,0,0,0,0,0,0,0,3537,24564
2026-01-15 18:10:40,3.7,110354,15973,0,0,0,0,0,0,0,0,0,0,0,0,0,0,0,0,0,0,0,0,0,0,0,0,0,3537,24564
2026-01-15 18:10:41,5.3,110495,15831,0,0,0,0,0,0,0,0,0,0,0,0,0,0,0,0,0,0,0,0,0,0,0,0,0,3537,24564
2026-01-15 18:10:43,3.7,110573,15754,0,0,0,0,0,0,0,0,0,0,0,0,0,0,0,0,0,0,0,0,0,0,0,0,0,3537,24564
2026-01-15 18:10:44,3.5,110310,16017,0,0,0,0,0,0,0,0,0,0,0,0,0,0,0,0,0,0,0,0,0,0,0,0,0,3537,24564
2026-01-15 18:10:45,4.5,110400,15927,0,0,0,0,0,0,0,0,0,0,0,0,0,0,0,0,0,0,0,0,0,0,0,0,0,3537,24564
2026-01-15 18:10:46,4.4,110352,15975,0,0,0,0,0,0,0,0,0,0,0,0,0,0,0,0,0,0,0,0,0,0,0,0,2,3537,24564
2026-01-15 18:10:48,5.9,110481,15846,0,0,0,0,0,0,0,0,0,0,0,0,0,0,0,0,0,0,0,0,0,0,0,0,1,3537,24564
2026-01-15 18:10:49,4.3,110375,15952,0,0,0,0,0,0,0,0,0,0,0,0,0,0,0,0,0,0,0,0,0,0,0,0,1,3537,24564
2026-01-15 18:10:50,3.5,110402,15925,0,0,0,0,0,0,0,0,0,0,0,0,0,0,0,0,0,0,0,0,0,0,0,0,0,3537,24564
2026-01-15 18:10:51,3.8,110389,15938,0,0,0,0,0,0,0,0,0,0,0,0,0,0,0,0,0,0,0,0,0,0,0,0,0,3537,24564
2026-01-15 18:10:53,3.4,110224,16106,0,0,0,0,0,0,0,0,0,0,0,0,0,0,0,0,0,0,0,0,0,0,0,0,0,3537,24564
2026-01-15 18:10:54,4.0,110345,15982,0,0,0,0,0,0,0,0,0,0,0,0,0,0,0,0,0,0,0,0,0,0,0,0,0,3537,24564
2026-01-15 18:10:55,3.7,110463,15864,0,0,0,0,0,0,0,0,0,0,0,0,0,0,0,0,0,0,0,0,0,0,0,0,0,3537,24564
2026-01-15 18:10:56,4.0,110559,15770,0,0,0,0,0,0,0,0,0,0,0,0,0,0,0,0,0,0,0,0,0,0,0,0,2,3537,24564
2026-01-15 18:10:58,4.0,110437,15890,0,0,0,0,0,0,0,0,0,0,0,0,0,0,0,0,0,0,0,0,0,0,0,0,0,3537,24564
2026-01-15 18:10:59,3.4,110548,15778,0,0,0,0,0,0,0,0,0,0,0,0,0,0,0,0,0,0,0,0,0,0,0,0,1,3537,24564
2026-01-15 18:11:00,4.6,110572,15757,0,0,0,0,0,0,0,0,0,0,0,0,0,0,0,0,0,0,0,0,0,0,0,0,0,3537,24564
2026-01-15 18:11:01,3.4,110651,15676,0,0,0,0,0,0,0,0,0,0,0,0,0,0,0,0,0,0,0,0,0,0,0,0,0,3537,24564
2026-01-15 18:11:03,6.3,110793,15534,0,0,0,0,0,0,0,0,0,0,0,0,0,0,0,0,0,0,0,0,0,0,0,0,0,3537,24564
2026-01-15 18:11:04,3.5,110920,15407,0,0,0,0,0,0,0,0,0,0,0,0,0,0,0,0,0,0,0,0,0,0,0,0,1,3537,24564
2026-01-15 18:11:05,4.0,110689,15638,0,0,0,0,0,0,0,0,0,0,0,0,0,0,0,0,0,0,0,0,0,0,0,0,0,3537,24564
2026-01-15 18:11:06,4.1,110773,15554,0,0,0,0,0,0,0,0,0,0,0,0,0,0,0,0,0,0,0,0,0,0,0,0,0,3537,24564
2026-01-15 18:11:08,4.0,110732,15576,0,0,0,0,0,0,0,0,0,0,0,0,0,0,0,0,0,0,0,0,0,0,0,0,0,3537,24564
2026-01-15 18:11:09,4.0,110858,15469,0,0,0,0,0,0,0,0,0,0,0,0,0,0,0,0,0,0,0,0,0,0,0,0,0,3537,24564
2026-01-15 18:11:10,4.0,110775,15551,0,0,0,0,0,0,0,0,0,0,0,0,0,0,0,0,0,0,0,0,0,0,0,0,0,3537,24564
2026-01-15 18:11:11,3.3,110882,15444,0,0,0,0,0,0,0,0,0,0,0,0,0,0,0,0,0,0,0,0,0,0,0,0,1,3537,24564
2026-01-15 18:11:13,6.7,110986,15341,0,0,0,0,0,0,0,0,0,0,0,0,0,0,0,0,0,0,0,0,0,0,0,0,1,3537,24564
2026-01-15 18:11:14,3.7,111029,15297,0,0,0,0,0,0,0,0,0,0,0,0,0,0,0,0,0,0,0,0,0,0,0,0,1,3537,24564
2026-01-15 18:11:15,3.4,111014,15312,0,0,0,0,0,0,0,0,0,0,0,0,0,0,0,0,0,0,0,0,0,0,0,0,0,3537,24564
2026-01-15 18:11:16,4.0,111069,15257,0,0,0,0,0,0,0,0,0,0,0,0,0,0,0,0,0,0,0,0,0,0,0,0,0,3537,24564
2026-01-15 18:11:18,3.7,110884,15442,0,0,0,0,0,0,0,0,0,0,0,0,0,0,0,0,0,0,0,0,0,0,0,0,0,3537,24564
2026-01-15 18:11:19,3.7,111010,15316,0,0,0,0,0,0,0,0,0,0,0,0,0,0,0,0,0,0,0,0,0,0,0,0,0,3537,24564
2026-01-15 18:11:20,4.5,111058,15271,0,0,0,0,0,0,0,0,0,0,0,0,0,0,0,0,0,0,0,0,0,0,0,0,0,3537,24564
2026-01-15 18:11:21,3.8,110844,15482,0,0,0,0,0,0,0,0,0,0,0,0,0,0,0,0,0,0,0,0,0,0,0,0,0,3537,24564
2026-01-15 18:11:23,3.7,110879,15448,0,0,0,0,0,0,0,0,0,0,0,0,0,0,0,0,0,0,0,0,0,0,0,0,1,3537,24564
2026-01-15 18:11:24,6.7,111036,15290,0,0,0,0,0,0,0,0,0,0,0,0,0,0,0,0,0,0,0,0,0,0,0,0,1,3537,24564
2026-01-15 18:11:25,3.5,110785,15542,0,0,0,0,0,0,0,0,0,0,0,0,0,0,0,0,0,0,0,0,0,0,0,0,0,3537,24564
2026-01-15 18:11:26,3.4,110875,15452,0,0,0,0,0,0,0,0,0,0,0,0,0,0,0,0,0,0,0,0,0,0,0,0,0,3537,24564
2026-01-15 18:11:28,3.9,110996,15331,0,0,0,0,0,0,0,0,0,0,0,0,0,0,0,0,0,0,0,0,0,0,0,0,1,3537,24564
2026-01-15 18:11:29,3.7,110860,15467,0,0,0,0,0,0,0,0,0,0,0,0,0,0,0,0,0,0,0,0,0,0,0,0,0,3537,24564
2026-01-15 18:11:30,3.8,110957,15370,0,0,0,0,0,0,0,0,0,0,0,0,0,0,0,0,0,0,0,0,0,0,0,0,0,3537,24564
2026-01-15 18:11:31,4.0,110950,15376,0,0,0,0,0,0,0,0,0,0,0,0,0,0,0,0,0,0,0,0,0,0,0,0,0,3537,24564
2026-01-15 18:11:33,3.2,110991,15320,0,0,0,0,0,0,0,0,0,0,0,0,0,0,0,0,0,0,0,0,0,0,0,0,0,3537,24564
2026-01-15 18:11:34,5.7,110815,15513,0,0,0,0,0,0,0,0,0,0,0,0,0,0,0,0,0,0,0,0,0,0,0,0,1,3537,24564
2026-01-15 18:11:35,3.7,110926,15408,0,0,0,0,0,0,0,0,0,0,0,0,0,0,0,0,0,0,0,0,0,0,0,0,1,3537,24564
2026-01-15 18:11:36,7.6,110886,15440,0,0,0,0,0,0,0,0,0,0,0,0,0,0,0,0,0,0,0,0,0,0,0,0,1,3537,24564
2026-01-15 18:11:38,7.5,110939,15388,0,0,0,0,0,0,0,0,0,0,0,0,0,0,0,0,0,0,0,0,0,0,0,0,1,3537,24564
2026-01-15 18:11:39,5.6,110984,15342,0,0,0,0,0,0,0,0,0,0,0,0,0,0,0,0,0,0,0,0,0,0,0,0,0,3537,24564
2026-01-15 18:11:40,6.2,110982,15349,0,0,0,0,0,0,0,0,0,0,0,0,0,0,0,0,0,0,0,0,0,0,0,0,0,3537,24564
2026-01-15 18:11:41,3.7,110851,15476,0,0,0,0,0,0,0,0,0,0,0,0,0,0,0,0,0,0,0,0,0,0,0,0,0,3537,24564
2026-01-15 18:11:43,3.4,110876,15450,0,0,0,0,0,0,0,0,0,0,0,0,0,0,0,0,0,0,0,0,0,0,0,0,0,3537,24564
2026-01-15 18:11:44,4.0,110973,15354,0,0,0,0,0,0,0,0,0,0,0,0,0,0,0,0,0,0,0,0,0,0,0,0,0,3526,24564
2026-01-15 18:11:45,3.8,111062,15256,0,0,0,0,0,0,0,0,0,0,0,0,0,0,0,0,0,0,0,0,0,0,0,0,0,3526,24564
2026-01-15 18:11:46,3.7,110994,15332,0,0,0,0,0,0,0,0,0,0,0,0,0,0,0,0,0,0,0,0,0,0,0,0,0,3526,24564
2026-01-15 18:11:48,3.5,111114,15212,0,0,0,0,0,0,0,0,0,0,0,0,0,0,0,0,0,0,0,0,0,0,0,0,1,3526,24564
2026-01-15 18:11:49,3.2,111005,15321,0,0,0,0,0,0,0,0,0,0,0,0,0,0,0,0,0,0,0,0,0,0,0,0,0,3526,24564
2026-01-15 18:11:50,3.8,111021,15307,0,0,0,0,0,0,0,0,0,0,0,0,0,0,0,0,0,0,0,0,0,0,0,0,0,3526,24564
2026-01-15 18:11:51,3.6,110873,15453,0,0,0,0,0,0,0,0,0,0,0,0,0,0,0,0,0,0,0,0,0,0,0,0,0,3526,24564
2026-01-15 18:11:53,3.2,110906,15421,0,0,0,0,0,0,0,0,0,0,0,0,0,0,0,0,0,0,0,0,0,0,0,0,0,3526,24564
2026-01-15 18:11:54,3.7,110960,15366,0,0,0,0,0,0,0,0,0,0,0,0,0,0,0,0,0,0,0,0,0,0,0,0,0,3526,24564
2026-01-15 18:11:55,3.5,110843,15484,0,0,0,0,0,0,0,0,0,0,0,0,0,0,0,0,0,0,0,0,0,0,0,0,0,3526,24564
2026-01-15 18:11:56,3.7,110874,15452,0,0,0,0,0,0,0,0,0,0,0,0,0,0,0,0,0,0,0,0,0,0,0,0,0,3526,24564
2026-01-15 18:11:58,4.3,110927,15398,0,0,0,0,0,0,0,0,0,0,0,0,0,0,0,0,0,0,0,0,0,0,0,0,1,3526,24564
2026-01-15 18:11:59,3.7,110776,15551,0,0,0,0,0,0,0,0,0,0,0,0,0,0,0,0,0,0,0,0,0,0,0,0,0,3526,24564
2026-01-15 18:12:00,3.7,110811,15516,0,0,0,0,0,0,0,0,0,0,0,0,0,0,0,0,0,0,0,0,0,0,0,0,1,3526,24564
2026-01-15 18:12:01,3.2,110955,15371,0,0,0,0,0,0,0,0,0,0,0,0,0,0,0,0,0,0,0,0,0,0,0,0,1,3526,24564
2026-01-15 18:12:03,3.4,110705,15621,0,0,0,0,0,0,0,0,0,0,0,0,0,0,0,0,0,0,0,0,0,0,0,0,0,3526,24564
2026-01-15 18:12:04,3.5,110809,15518,0,0,0,0,0,0,0,0,0,0,0,0,0,0,0,0,0,0,0,0,0,0,0,0,0,3526,24564
2026-01-15 18:12:05,3.7,110838,15489,0,0,0,0,0,0,0,0,0,0,0,0,0,0,0,0,0,0,0,0,0,0,0,0,0,3526,24564
2026-01-15 18:12:06,3.7,110768,15559,0,0,0,0,0,0,0,0,0,0,0,0,0,0,0,0,0,0,0,0,0,0,0,0,0,3526,24564
2026-01-15 18:12:08,3.8,110638,15689,0,0,0,0,0,0,0,0,0,0,0,0,0,0,0,0,0,0,0,0,0,0,0,0,0,3526,24564
2026-01-15 18:12:09,3.6,110793,15538,0,0,0,0,0,0,0,0,0,0,0,0,0,0,0,0,0,0,0,0,0,0,0,0,0,3526,24564
2026-01-15 18:12:10,3.7,110727,15599,0,0,0,0,0,0,0,0,0,0,0,0,0,0,0,0,0,0,0,0,0,0,0,0,1,3526,24564
2026-01-15 18:12:11,3.4,110816,15511,0,0,0,0,0,0,0,0,0,0,0,0,0,0,0,0,0,0,0,0,0,0,0,0,1,3526,24564
2026-01-15 18:12:13,3.2,110925,15401,0,0,0,0,0,0,0,0,0,0,0,0,0,0,0,0,0,0,0,0,0,0,0,0,0,3526,24564
2026-01-15 18:12:14,3.5,110630,15697,0,0,0,0,0,0,0,0,0,0,0,0,0,0,0,0,0,0,0,0,0,0,0,0,1,3526,24564
2026-01-15 18:12:15,3.7,110767,15560,0,0,0,0,0,0,0,0,0,0,0,0,0,0,0,0,0,0,0,0,0,0,0,0,0,3526,24564
2026-01-15 18:12:16,4.0,110836,15491,0,0,0,0,0,0,0,0,0,0,0,0,0,0,0,0,0,0,0,0,0,0,0,0,0,3526,24564
2026-01-15 18:12:18,3.7,110938,15388,0,0,0,0,0,0,0,0,0,0,0,0,0,0,0,0,0,0,0,0,0,0,0,0,0,3526,24564
2026-01-15 18:12:19,3.5,110605,15722,0,0,0,0,0,0,0,0,0,0,0,0,0,0,0,0,0,0,0,0,0,0,0,0,0,3526,24564
2026-01-15 18:12:20,3.7,110725,15602,0,0,0,0,0,0,0,0,0,0,0,0,0,0,0,0,0,0,0,0,0,0,0,0,1,3526,24564
2026-01-15 18:12:21,6.8,110798,15528,0,0,0,0,0,0,0,0,0,0,0,0,0,0,0,0,0,0,0,0,0,0,0,0,1,3526,24564
2026-01-15 18:12:23,3.4,110637,15689,0,0,0,0,0,0,0,0,0,0,0,0,0,0,0,0,0,0,0,0,0,0,0,0,0,3526,24564
2026-01-15 18:12:24,3.5,110571,15756,0,0,0,0,0,0,0,0,0,0,0,0,0,0,0,0,0,0,0,0,0,0,0,0,1,3526,24564
2026-01-15 18:12:25,7.2,110748,15583,0,0,0,0,0,0,0,0,0,0,0,0,0,0,0,0,0,0,0,0,0,0,0,0,0,3526,24564
2026-01-15 18:12:26,3.4,110818,15511,0,0,0,0,0,0,0,0,0,0,0,0,0,0,0,0,0,0,0,0,0,0,0,0,0,3526,24564
2026-01-15 18:12:28,4.0,111091,15236,0,0,0,0,0,0,0,0,0,0,0,0,0,0,0,0,0,0,0,0,0,0,0,0,1,3791,24564
2026-01-15 18:12:29,7.1,111267,15062,0,0,0,0,0,0,0,0,0,0,0,0,0,0,0,0,0,0,0,0,0,0,0,0,0,3791,24564
2026-01-15 18:12:30,3.7,111351,14976,0,0,0,0,0,0,0,0,0,0,0,0,0,0,0,0,0,0,0,0,0,0,0,0,0,3791,24564
2026-01-15 18:12:31,3.8,111059,15268,0,0,0,0,0,0,0,0,0,0,0,0,0,0,0,0,0,0,0,0,0,0,0,0,0,3791,24564
2026-01-15 18:12:33,3.6,111145,15181,0,0,0,0,0,0,0,0,0,0,0,0,0,0,0,0,0,0,0,0,0,0,0,0,0,3791,24564
2026-01-15 18:12:34,3.5,111231,15097,0,0,0,0,0,0,0,0,0,0,0,0,0,0,0,0,0,0,0,0,0,0,0,0,0,3791,24564
2026-01-15 18:12:35,4.4,111042,15284,0,0,0,0,0,0,0,0,0,0,0,0,0,0,0,0,0,0,0,0,0,0,0,0,0,3791,24564
2026-01-15 18:12:36,3.4,111137,15189,0,0,0,0,0,0,0,0,0,0,0,0,0,0,0,0,0,0,0,0,0,0,0,0,0,3791,24564
2026-01-15 18:12:38,4.0,111154,15172,0,0,0,0,0,0,0,0,0,0,0,0,0,0,0,0,0,0,0,0,0,0,0,0,0,3791,24564
2026-01-15 18:12:39,3.2,111173,15154,0,0,0,0,0,0,0,0,0,0,0,0,0,0,0,0,0,0,0,0,0,0,0,0,0,3791,24564
2026-01-15 18:12:40,3.7,111214,15113,0,0,0,0,0,0,0,0,0,0,0,0,0,0,0,0,0,0,0,0,0,0,0,0,0,3791,24564
2026-01-15 18:12:41,8.0,111069,15257,0,0,0,0,0,0,0,0,0,0,0,0,0,0,0,0,0,0,0,0,0,0,0,0,0,3791,24564
2026-01-15 18:12:43,3.7,111135,15192,0,0,0,0,0,0,0,0,0,0,0,0,0,0,0,0,0,0,0,0,0,0,0,0,0,3791,24564
2026-01-15 18:12:44,3.7,111193,15133,0,0,0,0,0,0,0,0,0,0,0,0,0,0,0,0,0,0,0,0,0,0,0,0,5,3791,24564
2026-01-15 18:12:45,4.0,111313,15014,0,0,0,0,0,0,0,0,0,0,0,0,0,0,0,0,0,0,0,0,0,0,0,0,0,3791,24564
2026-01-15 18:12:46,5.7,111145,15181,0,0,0,0,0,0,0,0,0,0,0,0,0,0,0,0,0,0,0,0,0,0,0,0,5,3791,24564
2026-01-15 18:12:48,3.8,111177,15141,0,0,0,0,0,0,0,0,0,0,0,0,0,0,0,0,0,0,0,0,0,0,0,0,0,3791,24564
2026-01-15 18:12:49,3.7,110927,15399,0,0,0,0,0,0,0,0,0,0,0,0,0,0,0,0,0,0,0,0,0,0,0,0,5,3791,24564
2026-01-15 18:12:50,3.4,111003,15324,0,0,0,0,0,0,0,0,0,0,0,0,0,0,0,0,0,0,0,0,0,0,0,0,0,3791,24564
2026-01-15 18:12:52,3.2,111012,15311,0,0,0,0,0,0,0,0,0,0,0,0,0,0,0,0,0,0,0,0,0,0,0,0,5,3791,24564
2026-01-15 18:12:53,3.4,111139,15188,0,0,0,0,0,0,0,0,0,0,0,0,0,0,0,0,0,0,0,0,0,0,0,0,0,3791,24564
2026-01-15 18:12:54,3.7,110978,15349,0,0,0,0,0,0,0,0,0,0,0,0,0,0,0,0,0,0,0,0,0,0,0,0,5,3791,24564
2026-01-15 18:12:55,4.0,111022,15305,0,0,0,0,0,0,0,0,0,0,0,0,0,0,0,0,0,0,0,0,0,0,0,0,0,3791,24564
2026-01-15 18:12:57,3.4,111103,15224,0,0,0,0,0,0,0,0,0,0,0,0,0,0,0,0,0,0,0,0,0,0,0,0,0,3791,24564
2026-01-15 18:12:58,3.7,110907,15419,0,0,0,0,0,0,0,0,0,0,0,0,0,0,0,0,0,0,0,0,0,0,0,0,0,3791,24564
2026-01-15 18:12:59,4.0,110909,15418,0,0,0,0,0,0,0,0,0,0,0,0,0,0,0,0,0,0,0,0,0,0,0,0,0,3791,24564
2026-01-15 18:13:00,3.7,110965,15362,0,0,0,0,0,0,0,0,0,0,0,0,0,0,0,0,0,0,0,0,0,0,0,0,0,3791,24564
2026-01-15 18:13:02,3.5,110727,15600,0,0,0,0,0,0,0,0,0,0,0,0,0,0,0,0,0,0,0,0,0,0,0,0,0,3791,24564
2026-01-15 18:13:03,3.7,110832,15494,0,0,0,0,0,0,0,0,0,0,0,0,0,0,0,0,0,0,0,0,0,0,0,0,0,3791,24564
2026-01-15 18:13:04,4.1,110927,15399,0,0,0,0,0,0,0,0,0,0,0,0,0,0,0,0,0,0,0,0,0,0,0,0,0,3791,24564
2026-01-15 18:13:05,3.4,110778,15549,0,0,0,0,0,0,0,0,0,0,0,0,0,0,0,0,0,0,0,0,0,0,0,0,0,3791,24564
2026-01-15 18:13:07,3.4,110811,15516,0,0,0,0,0,0,0,0,0,0,0,0,0,0,0,0,0,0,0,0,0,0,0,0,0,3791,24564
2026-01-15 18:13:08,3.5,110988,15339,0,0,0,0,0,0,0,0,0,0,0,0,0,0,0,0,0,0,0,0,0,0,0,0,0,3791,24564
2026-01-15 18:13:09,3.6,110997,15329,0,0,0,0,0,0,0,0,0,0,0,0,0,0,0,0,0,0,0,0,0,0,0,0,0,3791,24564
2026-01-15 18:13:10,5.9,110684,15642,0,0,0,0,0,0,0,0,0,0,0,0,0,0,0,0,0,0,0,0,0,0,0,0,0,3791,24564
2026-01-15 18:13:12,3.5,110643,15683,0,0,0,0,0,0,0,0,0,0,0,0,0,0,0,0,0,0,0,0,0,0,0,0,0,3791,24564
2026-01-15 18:13:13,3.5,110840,15488,0,0,0,0,0,0,0,0,0,0,0,0,0,0,0,0,0,0,0,0,0,0,0,0,0,3791,24564
2026-01-15 18:13:14,5.0,110854,15473,0,0,0,0,0,0,0,0,0,0,0,0,0,0,0,0,0,0,0,0,0,0,0,0,0,3791,24564
2026-01-15 18:13:15,3.5,110681,15646,0,0,0,0,0,0,0,0,0,0,0,0,0,0,0,0,0,0,0,0,0,0,0,0,0,3791,24564
2026-01-15 18:13:17,3.5,110798,15529,0,0,0,0,0,0,0,0,0,0,0,0,0,0,0,0,0,0,0,0,0,0,0,0,0,3791,24564
2026-01-15 18:13:18,3.7,110835,15492,0,0,0,0,0,0,0,0,0,0,0,0,0,0,0,0,0,0,0,0,0,0,0,0,0,3791,24564
2026-01-15 18:13:19,3.7,110836,15490,0,0,0,0,0,0,0,0,0,0,0,0,0,0,0,0,0,0,0,0,0,0,0,0,0,3791,24564
2026-01-15 18:13:20,5.9,110639,15687,0,0,0,0,0,0,0,0,0,0,0,0,0,0,0,0,0,0,0,0,0,0,0,0,0,3791,24564
2026-01-15 18:13:22,7.8,110650,15677,0,0,0,0,0,0,0,0,0,0,0,0,0,0,0,0,0,0,0,0,0,0,0,0,0,3791,24564
2026-01-15 18:13:23,8.0,110693,15634,0,0,0,0,0,0,0,0,0,0,0,0,0,0,0,0,0,0,0,0,0,0,0,0,0,3791,24564
2026-01-15 18:13:24,3.5,110604,15722,0,0,0,0,0,0,0,0,0,0,0,0,0,0,0,0,0,0,0,0,0,0,0,0,0,3791,24564
2026-01-15 18:13:25,3.2,110583,15744,0,0,0,0,0,0,0,0,0,0,0,0,0,0,0,0,0,0,0,0,0,0,0,0,5,3791,24564
2026-01-15 18:13:27,3.5,110665,15663,0,0,0,0,0,0,0,0,0,0,0,0,0,0,0,0,0,0,0,0,0,0,0,0,0,3791,24564
2026-01-15 18:13:28,3.6,110692,15635,0,0,0,0,0,0,0,0,0,0,0,0,0,0,0,0,0,0,0,0,0,0,0,0,0,3791,24564
2026-01-15 18:13:29,4.0,110700,15626,0,0,0,0,0,0,0,0,0,0,0,0,0,0,0,0,0,0,0,0,0,0,0,0,0,3791,24564
2026-01-15 18:13:30,4.0,110758,15556,0,0,0,0,0,0,0,0,0,0,0,0,0,0,0,0,0,0,0,0,0,0,0,0,0,3791,24564
2026-01-15 18:13:32,3.5,110920,15408,0,0,0,0,0,0,0,0,0,0,0,0,0,0,0,0,0,0,0,0,0,0,0,0,0,3791,24564
2026-01-15 18:13:33,4.3,110943,15383,0,0,0,0,0,0,0,0,0,0,0,0,0,0,0,0,0,0,0,0,0,0,0,0,0,3791,24564
2026-01-15 18:13:34,8.1,110789,15537,0,0,0,0,0,0,0,0,0,0,0,0,0,0,0,0,0,0,0,0,0,0,0,0,0,3791,24564
2026-01-15 18:13:35,3.5,110771,15556,0,0,0,0,0,0,0,0,0,0,0,0,0,0,0,0,0,0,0,0,0,0,0,0,0,3791,24564
2026-01-15 18:13:37,3.6,110889,15437,0,0,0,0,0,0,0,0,0,0,0,0,0,0,0,0,0,0,0,0,0,0,0,0,0,3791,24564
2026-01-15 18:13:38,3.5,110695,15631,0,0,0,0,0,0,0,0,0,0,0,0,0,0,0,0,0,0,0,0,0,0,0,0,0,3791,24564
2026-01-15 18:13:39,3.7,110791,15537,0,0,0,0,0,0,0,0,0,0,0,0,0,0,0,0,0,0,0,0,0,0,0,0,0,3791,24564
2026-01-15 18:13:40,3.4,110929,15398,0,0,0,0,0,0,0,0,0,0,0,0,0,0,0,0,0,0,0,0,0,0,0,0,0,3791,24564
2026-01-15 18:13:42,3.5,110929,15400,0,0,0,0,0,0,0,0,0,0,0,0,0,0,0,0,0,0,0,0,0,0,0,0,0,3791,24564
2026-01-15 18:13:43,3.6,110934,15386,0,0,0,0,0,0,0,0,0,0,0,0,0,0,0,0,0,0,0,0,0,0,0,0,0,3791,24564
2026-01-15 18:13:44,3.7,111038,15288,0,0,0,0,0,0,0,0,0,0,0,0,0,0,0,0,0,0,0,0,0,0,0,0,0,3791,24564
2026-01-15 18:13:45,3.5,110778,15549,0,0,0,0,0,0,0,0,0,0,0,0,0,0,0,0,0,0,0,0,0,0,0,0,0,3791,24564
2026-01-15 18:13:47,3.7,110838,15488,0,0,0,0,0,0,0,0,0,0,0,0,0,0,0,0,0,0,0,0,0,0,0,0,0,3791,24564
2026-01-15 18:13:48,3.4,110942,15385,0,0,0,0,0,0,0,0,0,0,0,0,0,0,0,0,0,0,0,0,0,0,0,0,0,3791,24564
2026-01-15 18:13:49,3.4,110770,15557,0,0,0,0,0,0,0,0,0,0,0,0,0,0,0,0,0,0,0,0,0,0,0,0,0,3791,24564
2026-01-15 18:13:50,2.9,110794,15532,0,0,0,0,0,0,0,0,0,0,0,0,0,0,0,0,0,0,0,0,0,0,0,0,0,3791,24564
2026-01-15 18:13:52,3.8,110753,15573,0,0,0,0,0,0,0,0,0,0,0,0,0,0,0,0,0,0,0,0,0,0,0,0,0,3791,24564
2026-01-15 18:13:53,3.7,110833,15494,0,0,0,0,0,0,0,0,0,0,0,0,0,0,0,0,0,0,0,0,0,0,0,0,0,3791,24564
2026-01-15 18:13:54,4.6,110852,15474,0,0,0,0,0,0,0,0,0,0,0,0,0,0,0,0,0,0,0,0,0,0,0,0,0,3791,24564
2026-01-15 18:13:55,3.5,110851,15476,0,0,0,0,0,0,0,0,0,0,0,0,0,0,0,0,0,0,0,0,0,0,0,0,0,3791,24564
2026-01-15 18:13:57,3.5,110991,15336,0,0,0,0,0,0,0,0,0,0,0,0,0,0,0,0,0,0,0,0,0,0,0,0,0,3791,24564
2026-01-15 18:13:58,3.4,110941,15387,0,0,0,0,0,0,0,0,0,0,0,0,0,0,0,0,0,0,0,0,0,0,0,0,0,3791,24564
2026-01-15 18:13:59,3.7,110853,15476,0,0,0,0,0,0,0,0,0,0,0,0,0,0,0,0,0,0,0,0,0,0,0,0,0,3791,24564
2026-01-15 18:14:01,6.5,110928,15401,0,0,0,0,0,0,0,0,0,0,0,0,0,0,0,0,0,0,0,0,0,0,0,0,0,3791,24564
2026-01-15 18:14:02,3.5,110978,15348,0,0,0,0,0,0,0,0,0,0,0,0,0,0,0,0,0,0,0,0,0,0,0,0,0,3791,24564
2026-01-15 18:14:03,3.4,110730,15597,0,0,0,0,0,0,0,0,0,0,0,0,0,0,0,0,0,0,0,0,0,0,0,0,0,3791,24564
2026-01-15 18:14:04,3.7,110832,15495,0,0,0,0,0,0,0,0,0,0,0,0,0,0,0,0,0,0,0,0,0,0,0,0,0,3791,24564
2026-01-15 18:14:06,3.4,110815,15512,0,0,0,0,0,0,0,0,0,0,0,0,0,0,0,0,0,0,0,0,0,0,0,0,0,3791,24564
2026-01-15 18:14:07,4.0,110941,15386,0,0,0,0,0,0,0,0,0,0,0,0,0,0,0,0,0,0,0,0,0,0,0,0,0,3791,24564
2026-01-15 18:14:08,3.7,110949,15378,0,0,0,0,0,0,0,0,0,0,0,0,0,0,0,0,0,0,0,0,0,0,0,0,0,3791,24564
2026-01-15 18:14:09,3.7,110815,15513,0,0,0,0,0,0,0,0,0,0,0,0,0,0,0,0,0,0,0,0,0,0,0,0,0,3791,24564
2026-01-15 18:14:11,3.4,110866,15461,0,0,0,0,0,0,0,0,0,0,0,0,0,0,0,0,0,0,0,0,0,0,0,0,0,3791,24564
2026-01-15 18:14:12,3.7,110777,15550,0,0,0,0,0,0,0,0,0,0,0,0,0,0,0,0,0,0,0,0,0,0,0,0,0,3791,24564
2026-01-15 18:14:13,6.9,110699,15628,0,0,0,0,0,0,0,0,0,0,0,0,0,0,0,0,0,0,0,0,0,0,0,0,0,3791,24564
2026-01-15 18:14:14,3.8,110827,15499,0,0,0,0,0,0,0,0,0,0,0,0,0,0,0,0,0,0,0,0,0,0,0,0,0,3791,24564
2026-01-15 18:14:16,3.7,110888,15439,0,0,0,0,0,0,0,0,0,0,0,0,0,0,0,0,0,0,0,0,0,0,0,0,0,3791,24564
2026-01-15 18:14:17,3.2,110938,15388,0,0,0,0,0,0,0,0,0,0,0,0,0,0,0,0,0,0,0,0,0,0,0,0,0,3791,24564
2026-01-15 18:14:18,4.0,110958,15369,0,0,0,0,0,0,0,0,0,0,0,0,0,0,0,0,0,0,0,0,0,0,0,0,0,3791,24564
2026-01-15 18:14:19,3.2,110933,15393,0,0,0,0,0,0,0,0,0,0,0,0,0,0,0,0,0,0,0,0,0,0,0,0,0,3791,24564
2026-01-15 18:14:21,4.9,111078,15249,0,0,0,0,0,0,0,0,0,0,0,0,0,0,0,0,0,0,0,0,0,0,0,0,0,3791,24564
2026-01-15 18:14:22,3.2,110762,15564,0,0,0,0,0,0,0,0,0,0,0,0,0,0,0,0,0,0,0,0,0,0,0,0,0,3791,24564
2026-01-15 18:14:23,3.2,110856,15470,0,0,0,0,0,0,0,0,0,0,0,0,0,0,0,0,0,0,0,0,0,0,0,0,0,3791,24564
2026-01-15 18:14:24,3.4,110948,15381,0,0,0,0,0,0,0,0,0,0,0,0,0,0,0,0,0,0,0,0,0,0,0,0,0,3791,24564
2026-01-15 18:14:26,8.0,110735,15592,0,0,0,0,0,0,0,0,0,0,0,0,0,0,0,0,0,0,0,0,0,0,0,0,0,3791,24564
2026-01-15 18:14:27,3.4,110754,15573,0,0,0,0,0,0,0,0,0,0,0,0,0,0,0,0,0,0,0,0,0,0,0,0,0,3791,24564
2026-01-15 18:14:28,3.7,110870,15447,0,0,0,0,0,0,0,0,0,0,0,0,0,0,0,0,0,0,0,0,0,0,0,0,0,3791,24564
2026-01-15 18:14:29,3.7,110890,15438,0,0,0,0,0,0,0,0,0,0,0,0,0,0,0,0,0,0,0,0,0,0,0,0,0,3791,24564
2026-01-15 18:14:31,3.4,111005,15321,0,0,0,0,0,0,0,0,0,0,0,0,0,0,0,0,0,0,0,0,0,0,0,0,0,3791,24564
2026-01-15 18:14:32,4.9,110963,15363,0,0,0,0,0,0,0,0,0,0,0,0,0,0,0,0,0,0,0,0,0,0,0,0,0,3791,24564
2026-01-15 18:14:33,4.9,110978,15348,0,0,0,0,0,0,0,0,0,0,0,0,0,0,0,0,0,0,0,0,0,0,0,0,0,3791,24564
2026-01-15 18:14:34,4.0,111067,15260,0,0,0,0,0,0,0,0,0,0,0,0,0,0,0,0,0,0,0,0,0,0,0,0,0,3791,24564
2026-01-15 18:14:36,7.4,110825,15505,0,0,0,0,0,0,0,0,0,0,0,0,0,0,0,0,0,0,0,0,0,0,0,0,0,3791,24564
2026-01-15 18:14:37,3.4,110909,15418,0,0,0,0,0,0,0,0,0,0,0,0,0,0,0,0,0,0,0,0,0,0,0,0,0,3791,24564
2026-01-15 18:14:38,3.7,110965,15362,0,0,0,0,0,0,0,0,0,0,0,0,0,0,0,0,0,0,0,0,0,0,0,0,0,3791,24564
2026-01-15 18:14:39,4.3,111006,15321,0,0,0,0,0,0,0,0,0,0,0,0,0,0,0,0,0,0,0,0,0,0,0,0,0,3791,24564
2026-01-15 18:14:41,4.0,110808,15519,0,0,0,0,0,0,0,0,0,0,0,0,0,0,0,0,0,0,0,0,0,0,0,0,0,3791,24564
2026-01-15 18:14:42,3.7,110944,15385,0,0,0,0,0,0,0,0,0,0,0,0,0,0,0,0,0,0,0,0,0,0,0,0,0,3791,24564
2026-01-15 18:14:43,3.5,110780,15539,0,0,0,0,0,0,0,0,0,0,0,0,0,0,0,0,0,0,0,0,0,0,0,0,0,3791,24564
2026-01-15 18:14:44,3.2,110920,15407,0,0,0,0,0,0,0,0,0,0,0,0,0,0,0,0,0,0,0,0,0,0,0,0,0,3791,24564
2026-01-15 18:14:46,4.0,110947,15380,0,0,0,0,0,0,0,0,0,0,0,0,0,0,0,0,0,0,0,0,0,0,0,0,0,3791,24564
2026-01-15 18:14:47,3.4,110767,15569,0,0,0,0,0,0,0,0,0,0,0,0,0,0,0,0,0,0,0,0,0,0,0,0,0,3791,24564
2026-01-15 18:14:48,3.2,110872,15455,0,0,0,0,0,0,0,0,0,0,0,0,0,0,0,0,0,0,0,0,0,0,0,0,0,3791,24564
2026-01-15 18:14:49,7.0,111059,15267,0,0,0,0,0,0,0,0,0,0,0,0,0,0,0,0,0,0,0,0,0,0,0,0,0,3791,24564
2026-01-15 18:14:51,3.5,110838,15488,0,0,0,0,0,0,0,0,0,0,0,0,0,0,0,0,0,0,0,0,0,0,0,0,0,3791,24564
2026-01-15 18:14:52,3.5,110859,15467,0,0,0,0,0,0,0,0,0,0,0,0,0,0,0,0,0,0,0,0,0,0,0,0,0,3791,24564
2026-01-15 18:14:53,3.2,111037,15291,0,0,0,0,0,0,0,0,0,0,0,0,0,0,0,0,0,0,0,0,0,0,0,0,0,3791,24564
2026-01-15 18:14:54,4.3,110959,15368,0,0,0,0,0,0,0,0,0,0,0,0,0,0,0,0,0,0,0,0,0,0,0,0,0,3791,24564
2026-01-15 18:14:56,3.7,110905,15423,0,0,0,0,0,0,0,0,0,0,0,0,0,0,0,0,0,0,0,0,0,0,0,0,0,3791,24564
2026-01-15 18:14:57,3.2,111009,15318,0,0,0,0,0,0,0,0,0,0,0,0,0,0,0,0,0,0,0,0,0,0,0,0,0,3791,24564
2026-01-15 18:14:58,3.5,111103,15225,0,0,0,0,0,0,0,0,0,0,0,0,0,0,0,0,0,0,0,0,0,0,0,0,0,3791,24564
2026-01-15 18:14:59,4.7,110903,15424,0,0,0,0,0,0,0,0,0,0,0,0,0,0,0,0,0,0,0,0,0,0,0,0,0,3791,24564
2026-01-15 18:15:01,5.9,110926,15403,0,0,0,0,0,0,0,0,0,0,0,0,0,0,0,0,0,0,0,0,0,0,0,0,0,3791,24564
2026-01-15 18:15:02,7.5,110771,15556,0,0,0,0,0,0,0,0,0,0,0,0,0,0,0,0,0,0,0,0,0,0,0,0,0,3791,24564
2026-01-15 18:15:03,3.4,110759,15568,0,0,0,0,0,0,0,0,0,0,0,0,0,0,0,0,0,0,0,0,0,0,0,0,0,3791,24564
2026-01-15 18:15:04,4.0,110672,15655,0,0,0,0,0,0,0,0,0,0,0,0,0,0,0,0,0,0,0,0,0,0,0,0,0,3791,24564
2026-01-15 18:15:06,3.4,110725,15602,0,0,0,0,0,0,0,0,0,0,0,0,0,0,0,0,0,0,0,0,0,0,0,0,0,3791,24564
2026-01-15 18:15:07,3.4,110859,15468,0,0,0,0,0,0,0,0,0,0,0,0,0,0,0,0,0,0,0,0,0,0,0,0,0,3791,24564
2026-01-15 18:15:08,3.5,110902,15424,0,0,0,0,0,0,0,0,0,0,0,0,0,0,0,0,0,0,0,0,0,0,0,0,0,3791,24564
2026-01-15 18:15:09,3.6,110669,15658,0,0,0,0,0,0,0,0,0,0,0,0,0,0,0,0,0,0,0,0,0,0,0,0,0,3791,24564
2026-01-15 18:15:11,3.4,110795,15532,0,0,0,0,0,0,0,0,0,0,0,0,0,0,0,0,0,0,0,0,0,0,0,0,0,3791,24564
2026-01-15 18:15:12,3.7,110815,15512,0,0,0,0,0,0,0,0,0,0,0,0,0,0,0,0,0,0,0,0,0,0,0,0,0,3791,24564
2026-01-15 18:15:13,4.1,110612,15715,0,0,0,0,0,0,0,0,0,0,0,0,0,0,0,0,0,0,0,0,0,0,0,0,0,3791,24564
2026-01-15 18:15:14,4.3,110708,15618,0,0,0,0,0,0,0,0,0,0,0,0,0,0,0,0,0,0,0,0,0,0,0,0,0,3791,24564
2026-01-15 18:15:16,3.4,110746,15581,0,0,0,0,0,0,0,0,0,0,0,0,0,0,0,0,0,0,0,0,0,0,0,0,0,3791,24564
2026-01-15 18:15:17,4.1,110835,15491,0,0,0,0,0,0,0,0,0,0,0,0,0,0,0,0,0,0,0,0,0,0,0,0,0,3791,24564
2026-01-15 18:15:18,3.5,110924,15402,0,0,0,0,0,0,0,0,0,0,0,0,0,0,0,0,0,0,0,0,0,0,0,0,0,3791,24564
2026-01-15 18:15:19,3.7,110573,15754,0,0,0,0,0,0,0,0,0,0,0,0,0,0,0,0,0,0,0,0,0,0,0,0,0,3791,24564
2026-01-15 18:15:21,6.7,110660,15666,0,0,0,0,0,0,0,0,0,0,0,0,0,0,0,0,0,0,0,0,0,0,0,0,0,3791,24564
2026-01-15 18:15:22,3.4,110618,15744,0,0,0,0,0,0,0,0,0,0,0,0,0,0,0,0,0,0,0,0,0,0,0,0,0,3791,24564
2026-01-15 18:15:23,6.0,110608,15718,0,0,0,0,0,0,0,0,0,0,0,0,0,0,0,0,0,0,0,0,0,0,0,0,0,3791,24564
2026-01-15 18:15:24,3.7,110559,15769,0,0,0,0,0,0,0,0,0,0,0,0,0,0,0,0,0,0,0,0,0,0,0,0,0,3791,24564
2026-01-15 18:15:26,4.0,110325,16002,0,0,0,0,0,0,0,0,0,0,0,0,0,0,0,0,0,0,0,0,0,0,0,0,0,3791,24564
2026-01-15 18:15:27,3.7,110404,15923,0,0,0,0,0,0,0,0,0,0,0,0,0,0,0,0,0,0,0,0,0,0,0,0,0,3791,24564
2026-01-15 18:15:28,3.4,110554,15773,0,0,0,0,0,0,0,0,0,0,0,0,0,0,0,0,0,0,0,0,0,0,0,0,0,3791,24564
2026-01-15 18:15:29,3.7,110466,15861,0,0,0,0,0,0,0,0,0,0,0,0,0,0,0,0,0,0,0,0,0,0,0,0,0,3791,24564
2026-01-15 18:15:31,3.2,110637,15689,0,0,0,0,0,0,0,0,0,0,0,0,0,0,0,0,0,0,0,0,0,0,0,0,0,3791,24564
2026-01-15 18:15:32,3.7,110353,15973,0,0,0,0,0,0,0,0,0,0,0,0,0,0,0,0,0,0,0,0,0,0,0,0,0,3791,24564
2026-01-15 18:15:33,3.4,110410,15917,0,0,0,0,0,0,0,0,0,0,0,0,0,0,0,0,0,0,0,0,0,0,0,0,0,3791,24564
2026-01-15 18:15:34,3.7,110467,15851,0,0,0,0,0,0,0,0,0,0,0,0,0,0,0,0,0,0,0,0,0,0,0,0,0,3791,24564
2026-01-15 18:15:36,3.3,110317,16010,0,0,0,0,0,0,0,0,0,0,0,0,0,0,0,0,0,0,0,0,0,0,0,0,0,3791,24564
2026-01-15 18:15:37,4.0,110453,15874,0,0,0,0,0,0,0,0,0,0,0,0,0,0,0,0,0,0,0,0,0,0,0,0,0,3791,24564
2026-01-15 18:15:38,3.5,110543,15782,0,0,0,0,0,0,0,0,0,0,0,0,0,0,0,0,0,0,0,0,0,0,0,0,0,3791,24564
2026-01-15 18:15:39,3.7,110753,15574,0,0,0,0,0,0,0,0,0,0,0,0,0,0,0,0,0,0,0,0,0,0,0,0,0,3791,24564
2026-01-15 18:15:41,3.5,110506,15814,0,0,0,0,0,0,0,0,0,0,0,0,0,0,0,0,0,0,0,0,0,0,0,0,0,3791,24564
2026-01-15 18:15:42,7.2,110686,15641,0,0,0,0,0,0,0,0,0,0,0,0,0,0,0,0,0,0,0,0,0,0,0,0,0,3791,24564
2026-01-15 18:15:43,3.4,110682,15644,0,0,0,0,0,0,0,0,0,0,0,0,0,0,0,0,0,0,0,0,0,0,0,0,0,3791,24564
2026-01-15 18:15:44,3.5,110404,15923,0,0,0,0,0,0,0,0,0,0,0,0,0,0,0,0,0,0,0,0,0,0,0,0,0,3791,24564
2026-01-15 18:15:46,6.6,110562,15766,0,0,0,0,0,0,0,0,0,0,0,0,0,0,0,0,0,0,0,0,0,0,0,0,0,3791,24564
2026-01-15 18:15:47,3.5,110612,15714,0,0,0,0,0,0,0,0,0,0,0,0,0,0,0,0,0,0,0,0,0,0,0,0,0,3791,24564
2026-01-15 18:15:48,3.3,110349,15978,0,0,0,0,0,0,0,0,0,0,0,0,0,0,0,0,0,0,0,0,0,0,0,0,0,3791,24564
2026-01-15 18:15:49,4.2,110561,15766,0,0,0,0,0,0,0,0,0,0,0,0,0,0,0,0,0,0,0,0,0,0,0,0,0,3791,24564
2026-01-15 18:15:51,3.4,110643,15684,0,0,0,0,0,0,0,0,0,0,0,0,0,0,0,0,0,0,0,0,0,0,0,0,0,3791,24564
2026-01-15 18:15:52,3.4,110704,15622,0,0,0,0,0,0,0,0,0,0,0,0,0,0,0,0,0,0,0,0,0,0,0,0,0,3791,24564
2026-01-15 18:15:53,3.4,110581,15744,0,0,0,0,0,0,0,0,0,0,0,0,0,0,0,0,0,0,0,0,0,0,0,0,0,3791,24564
2026-01-15 18:15:54,4.9,110674,15652,0,0,0,0,0,0,0,0,0,0,0,0,0,0,0,0,0,0,0,0,0,0,0,0,0,3791,24564
2026-01-15 18:15:56,3.2,110657,15670,0,0,0,0,0,0,0,0,0,0,0,0,0,0,0,0,0,0,0,0,0,0,0,0,0,3791,24564
2026-01-15 18:15:57,3.8,110754,15572,0,0,0,0,0,0,0,0,0,0,0,0,0,0,0,0,0,0,0,0,0,0,0,0,0,3791,24564
2026-01-15 18:15:58,4.8,110776,15551,0,0,0,0,0,0,0,0,0,0,0,0,0,0,0,0,0,0,0,0,0,0,0,0,0,3791,24564
2026-01-15 18:15:59,4.0,110642,15684,0,0,0,0,0,0,0,0,0,0,0,0,0,0,0,0,0,0,0,0,0,0,0,0,0,3791,24564
2026-01-15 18:16:01,3.5,110632,15696,0,0,0,0,0,0,0,0,0,0,0,0,0,0,0,0,0,0,0,0,0,0,0,0,0,3791,24564
2026-01-15 18:16:02,3.3,110720,15607,0,0,0,0,0,0,0,0,0,0,0,0,0,0,0,0,0,0,0,0,0,0,0,0,0,3791,24564
2026-01-15 18:16:03,3.5,110776,15550,0,0,0,0,0,0,0,0,0,0,0,0,0,0,0,0,0,0,0,0,0,0,0,0,0,3791,24564
2026-01-15 18:16:04,7.1,110817,15509,0,0,0,0,0,0,0,0,0,0,0,0,0,0,0,0,0,0,0,0,0,0,0,0,0,3791,24564
2026-01-15 18:16:06,7.7,110771,15557,0,0,0,0,0,0,0,0,0,0,0,0,0,0,0,0,0,0,0,0,0,0,0,0,0,3791,24564
2026-01-15 18:16:07,8.3,110830,15515,0,0,0,0,0,0,0,0,0,0,0,0,0,0,0,0,0,0,0,0,0,0,0,0,0,3791,24564
2026-01-15 18:16:08,3.7,110791,15539,0,0,0,0,0,0,0,0,0,0,0,0,0,0,0,0,0,0,0,0,0,0,0,0,0,3791,24564
2026-01-15 18:16:09,3.7,110821,15507,0,0,0,0,0,0,0,0,0,0,0,0,0,0,0,0,0,0,0,0,0,0,0,0,0,3791,24564
2026-01-15 18:16:11,6.6,110941,15385,0,0,0,0,0,0,0,0,0,0,0,0,0,0,0,0,0,0,0,0,0,0,0,0,0,3791,24564
2026-01-15 18:16:12,3.7,110977,15351,0,0,0,0,0,0,0,0,0,0,0,0,0,0,0,0,0,0,0,0,0,0,0,0,0,3791,24564
2026-01-15 18:16:13,4.0,110759,15571,0,0,0,0,0,0,0,0,0,0,0,0,0,0,0,0,0,0,0,0,0,0,0,0,0,3791,24564
2026-01-15 18:16:14,6.1,110893,15433,0,0,0,0,0,0,0,0,0,0,0,0,0,0,0,0,0,0,0,0,0,0,0,0,0,3791,24564
2026-01-15 18:16:16,3.5,110983,15344,0,0,0,0,0,0,0,0,0,0,0,0,0,0,0,0,0,0,0,0,0,0,0,0,0,3791,24564
2026-01-15 18:16:17,3.2,110719,15608,0,0,0,0,0,0,0,0,0,0,0,0,0,0,0,0,0,0,0,0,0,0,0,0,0,3791,24564
2026-01-15 18:16:18,3.5,110850,15479,0,0,0,0,0,0,0,0,0,0,0,0,0,0,0,0,0,0,0,0,0,0,0,0,0,3791,24564
2026-01-15 18:16:19,.9,109332,16994,0,0,0,0,0,0,0,0,0,0,0,0,0,0,0,0,0,0,0,0,0,0,0,0,0,3791,24564
2026-01-15 18:16:21,1.4,109369,16958,0,0,0,0,0,0,0,0,0,0,0,0,0,0,0,0,0,0,0,0,0,0,0,0,0,3791,24564
2026-01-15 18:16:22,.9,107373,18953,0,0,0,0,0,0,0,0,0,0,0,0,0,0,0,0,0,0,0,0,0,0,0,0,0,3791,24564
2026-01-15 18:16:23,1.1,107343,18984,0,0,0,0,0,0,0,0,0,0,0,0,0,0,0,0,0,0,0,0,0,0,0,0,0,3791,24564
2026-01-15 18:16:24,2.5,107292,19034,0,0,0,0,0,0,0,0,0,0,0,0,0,0,0,0,0,0,0,0,0,0,0,0,0,3791,24564
2026-01-15 18:16:26,1.1,107300,19026,0,0,0,0,0,0,0,0,0,0,0,0,0,0,0,0,0,0,0,0,0,0,0,0,0,3791,24564
2026-01-15 18:16:27,1.1,107278,19048,0,0,0,0,0,0,0,0,0,0,0,0,0,0,0,0,0,0,0,0,0,0,0,0,0,3791,24564
2026-01-15 18:16:28,.6,107267,19059,0,0,0,0,0,0,0,0,0,0,0,0,0,0,0,0,0,0,0,0,0,0,0,0,0,3791,24564
2026-01-15 18:16:29,.9,107264,19063,0,0,0,0,0,0,0,0,0,0,0,0,0,0,0,0,0,0,0,0,0,0,0,0,0,3791,24564
2026-01-15 18:16:31,1.4,107239,19088,0,0,0,0,0,0,0,0,0,0,0,0,0,0,0,0,0,0,0,0,0,0,0,0,0,3791,24564
2026-01-15 18:16:32,.6,107230,19097,0,0,0,0,0,0,0,0,0,0,0,0,0,0,0,0,0,0,0,0,0,0,0,0,0,3791,24564
2026-01-15 18:16:33,.6,107238,19089,0,0,0,0,0,0,0,0,0,0,0,0,0,0,0,0,0,0,0,0,0,0,0,0,0,3791,24564
2026-01-15 18:16:34,.9,107241,19086,0,0,0,0,0,0,0,0,0,0,0,0,0,0,0,0,0,0,0,0,0,0,0,0,0,3791,24564
2026-01-15 18:16:36,.8,107230,19097,0,0,0,0,0,0,0,0,0,0,0,0,0,0,0,0,0,0,0,0,0,0,0,0,0,3791,24564
2026-01-15 18:16:37,.9,107231,19096,0,0,0,0,0,0,0,0,0,0,0,0,0,0,0,0,0,0,0,0,0,0,0,0,0,3791,24564
2026-01-15 18:16:38,.8,107238,19088,0,0,0,0,0,0,0,0,0,0,0,0,0,0,0,0,0,0,0,0,0,0,0,0,0,3791,24564
2026-01-15 18:16:39,.6,107232,19095,0,0,0,0,0,0,0,0,0,0,0,0,0,0,0,0,0,0,0,0,0,0,0,0,0,3791,24564
2026-01-15 18:16:41,.3,107217,19110,0,0,0,0,0,0,0,0,0,0,0,0,0,0,0,0,0,0,0,0,0,0,0,0,0,3791,24564
2026-01-15 18:16:42,.8,107188,19139,0,0,0,0,0,0,0,0,0,0,0,0,0,0,0,0,0,0,0,0,0,0,0,0,0,3791,24564
2026-01-15 18:16:43,.6,107264,19063,0,0,0,0,0,0,0,0,0,0,0,0,0,0,0,0,0,0,0,0,0,0,0,0,53,3675,24564
2026-01-15 18:16:45,.6,107276,19050,0,0,0,0,0,0,0,0,0,0,0,0,0,0,0,0,0,0,0,0,0,0,0,0,0,3675,24564
2026-01-15 18:16:46,.3,107277,19049,0,0,0,0,0,0,0,0,0,0,0,0,0,0,0,0,0,0,0,0,0,0,0,0,0,3675,24564
2026-01-15 18:16:47,.9,107270,19057,0,0,0,0,0,0,0,0,0,0,0,0,0,0,0,0,0,0,0,0,0,0,0,0,0,3675,24564
2026-01-15 18:16:48,.3,107267,19059,0,0,0,0,0,0,0,0,0,0,0,0,0,0,0,0,0,0,0,0,0,0,0,0,0,3675,24564
2026-01-15 18:16:50,.6,107261,19065,0,0,0,0,0,0,0,0,0,0,0,0,0,0,0,0,0,0,0,0,0,0,0,0,0,3675,24564
2026-01-15 18:16:51,.6,107255,19071,0,0,0,0,0,0,0,0,0,0,0,0,0,0,0,0,0,0,0,0,0,0,0,0,0,3675,24564
2026-01-15 18:16:52,1.1,107249,19078,0,0,0,0,0,0,0,0,0,0,0,0,0,0,0,0,0,0,0,0,0,0,0,0,0,3675,24564
2026-01-15 18:16:53,.3,107236,19091,0,0,0,0,0,0,0,0,0,0,0,0,0,0,0,0,0,0,0,0,0,0,0,0,0,3675,24564
2026-01-15 18:16:55,.3,107242,19085,0,0,0,0,0,0,0,0,0,0,0,0,0,0,0,0,0,0,0,0,0,0,0,0,0,3675,24564
2026-01-15 18:16:56,.3,107239,19087,0,0,0,0,0,0,0,0,0,0,0,0,0,0,0,0,0,0,0,0,0,0,0,0,0,3675,24564
2026-01-15 18:16:57,.6,107232,19095,0,0,0,0,0,0,0,0,0,0,0,0,0,0,0,0,0,0,0,0,0,0,0,0,0,3675,24564
2026-01-15 18:16:58,.6,107245,19082,0,0,0,0,0,0,0,0,0,0,0,0,0,0,0,0,0,0,0,0,0,0,0,0,0,3675,24564
2026-01-15 18:17:00,.3,107253,19074,0,0,0,0,0,0,0,0,0,0,0,0,0,0,0,0,0,0,0,0,0,0,0,0,0,3675,24564
2026-01-15 18:17:01,.9,107248,19079,0,0,0,0,0,0,0,0,0,0,0,0,0,0,0,0,0,0,0,0,0,0,0,0,0,3675,24564
2026-01-15 18:17:02,.6,107244,19083,0,0,0,0,0,0,0,0,0,0,0,0,0,0,0,0,0,0,0,0,0,0,0,0,0,3675,24564
2026-01-15 18:17:03,.6,107240,19087,0,0,0,0,0,0,0,0,0,0,0,0,0,0,0,0,0,0,0,0,0,0,0,0,0,3675,24564
2026-01-15 18:17:05,.6,107231,19096,0,0,0,0,0,0,0,0,0,0,0,0,0,0,0,0,0,0,0,0,0,0,0,0,0,3675,24564
2026-01-15 18:17:06,1.1,107240,19086,0,0,0,0,0,0,0,0,0,0,0,0,0,0,0,0,0,0,0,0,0,0,0,0,0,3675,24564
2026-01-15 18:17:07,.3,107236,19091,0,0,0,0,0,0,0,0,0,0,0,0,0,0,0,0,0,0,0,0,0,0,0,0,0,3675,24564
2026-01-15 18:17:09,.3,107232,19094,0,0,0,0,0,0,0,0,0,0,0,0,0,0,0,0,0,0,0,0,0,0,0,0,0,3675,24564
2026-01-15 18:17:10,.8,107237,19090,0,0,0,0,0,0,0,0,0,0,0,0,0,0,0,0,0,0,0,0,0,0,0,0,0,3675,24564
2026-01-15 18:17:11,.6,107232,19095,0,0,0,0,0,0,0,0,0,0,0,0,0,0,0,0,0,0,0,0,0,0,0,0,0,3675,24564
2026-01-15 18:17:12,.6,107234,19093,0,0,0,0,0,0,0,0,0,0,0,0,0,0,0,0,0,0,0,0,0,0,0,0,0,3675,24564
2026-01-15 18:17:14,.3,107225,19102,0,0,0,0,0,0,0,0,0,0,0,0,0,0,0,0,0,0,0,0,0,0,0,0,0,3675,24564
2026-01-15 18:17:15,.8,107229,19098,0,0,0,0,0,0,0,0,0,0,0,0,0,0,0,0,0,0,0,0,0,0,0,0,0,3675,24564
2026-01-15 18:17:16,.3,107225,19101,0,0,0,0,0,0,0,0,0,0,0,0,0,0,0,0,0,0,0,0,0,0,0,0,0,3675,24564
2026-01-15 18:17:17,.3,107235,19092,0,0,0,0,0,0,0,0,0,0,0,0,0,0,0,0,0,0,0,0,0,0,0,0,0,3675,24564
2026-01-15 18:17:19,.8,107236,19092,0,0,0,0,0,0,0,0,0,0,0,0,0,0,0,0,0,0,0,0,0,0,0,0,0,3675,24564
2026-01-15 18:17:20,.6,107240,19086,0,0,0,0,0,0,0,0,0,0,0,0,0,0,0,0,0,0,0,0,0,0,0,0,0,3675,24564
2026-01-15 18:17:21,,107235,19091,0,0,0,0,0,0,0,0,0,0,0,0,0,0,0,0,0,0,0,0,0,0,0,0,0,3675,24564
2026-01-15 18:17:22,.3,107221,19105,0,0,0,0,0,0,0,0,0,0,0,0,0,0,0,0,0,0,0,0,0,0,0,0,0,3675,24564
2026-01-15 18:17:24,.3,107236,19090,0,0,0,0,0,0,0,0,0,0,0,0,0,0,0,0,0,0,0,0,0,0,0,0,0,3675,24564
2026-01-15 18:17:25,.6,107237,19090,0,0,0,0,0,0,0,0,0,0,0,0,0,0,0,0,0,0,0,0,0,0,0,0,0,3675,24564
2026-01-15 18:17:26,.3,107248,19079,0,0,0,0,0,0,0,0,0,0,0,0,0,0,0,0,0,0,0,0,0,0,0,0,0,3675,24564
2026-01-15 18:17:27,.6,107246,19080,0,0,0,0,0,0,0,0,0,0,0,0,0,0,0,0,0,0,0,0,0,0,0,0,0,3675,24564
2026-01-15 18:17:29,.6,107265,19061,0,0,0,0,0,0,0,0,0,0,0,0,0,0,0,0,0,0,0,0,0,0,0,0,0,3675,24564
2026-01-15 18:17:30,1.1,107264,19063,0,0,0,0,0,0,0,0,0,0,0,0,0,0,0,0,0,0,0,0,0,0,0,0,0,3675,24564
2026-01-15 18:17:31,.6,107254,19072,0,0,0,0,0,0,0,0,0,0,0,0,0,0,0,0,0,0,0,0,0,0,0,0,0,3675,24564
2026-01-15 18:17:32,1.1,107248,19079,0,0,0,0,0,0,0,0,0,0,0,0,0,0,0,0,0,0,0,0,0,0,0,0,0,3675,24564
2026-01-15 18:17:34,.8,107247,19080,0,0,0,0,0,0,0,0,0,0,0,0,0,0,0,0,0,0,0,0,0,0,0,0,0,3675,24564
2026-01-15 18:17:35,.9,107252,19074,0,0,0,0,0,0,0,0,0,0,0,0,0,0,0,0,0,0,0,0,0,0,0,0,0,3675,24564
2026-01-15 18:17:36,.3,107252,19075,0,0,0,0,0,0,0,0,0,0,0,0,0,0,0,0,0,0,0,0,0,0,0,0,0,3675,24564
2026-01-15 18:17:38,,107250,19077,0,0,0,0,0,0,0,0,0,0,0,0,0,0,0,0,0,0,0,0,0,0,0,0,0,3675,24564
2026-01-15 18:17:39,.6,107244,19083,0,0,0,0,0,0,0,0,0,0,0,0,0,0,0,0,0,0,0,0,0,0,0,0,0,3675,24564
2026-01-15 18:17:40,,107255,19072,0,0,0,0,0,0,0,0,0,0,0,0,0,0,0,0,0,0,0,0,0,0,0,0,0,3675,24564
2026-01-15 18:17:41,.6,107261,19066,0,0,0,0,0,0,0,0,0,0,0,0,0,0,0,0,0,0,0,0,0,0,0,0,0,3675,24564
2026-01-15 18:17:43,.3,107259,19067,0,0,0,0,0,0,0,0,0,0,0,0,0,0,0,0,0,0,0,0,0,0,0,0,0,3675,24564
2026-01-15 18:17:44,.6,107250,19077,0,0,0,0,0,0,0,0,0,0,0,0,0,0,0,0,0,0,0,0,0,0,0,0,0,3675,24564
2026-01-15 18:17:45,.6,107246,19080,0,0,0,0,0,0,0,0,0,0,0,0,0,0,0,0,0,0,0,0,0,0,0,0,0,3675,24564
2026-01-15 18:17:46,.9,107237,19090,0,0,0,0,0,0,0,0,0,0,0,0,0,0,0,0,0,0,0,0,0,0,0,0,0,3675,24564
2026-01-15 18:17:48,1.1,107236,19090,0,0,0,0,0,0,0,0,0,0,0,0,0,0,0,0,0,0,0,0,0,0,0,0,0,3675,24564
2026-01-15 18:17:49,.6,107224,19102,0,0,0,0,0,0,0,0,0,0,0,0,0,0,0,0,0,0,0,0,0,0,0,0,0,3675,24564
2026-01-15 18:17:50,.3,107226,19101,0,0,0,0,0,0,0,0,0,0,0,0,0,0,0,0,0,0,0,0,0,0,0,0,0,3675,24564
2026-01-15 18:17:51,.6,107237,19089,0,0,0,0,0,0,0,0,0,0,0,0,0,0,0,0,0,0,0,0,0,0,0,0,0,3675,24564
2026-01-15 18:17:53,.6,107239,19088,0,0,0,0,0,0,0,0,0,0,0,0,0,0,0,0,0,0,0,0,0,0,0,0,0,3675,24564
2026-01-15 18:17:54,.8,107230,19096,0,0,0,0,0,0,0,0,0,0,0,0,0,0,0,0,0,0,0,0,0,0,0,0,0,3675,24564
2026-01-15 18:17:55,.8,107239,19088,0,0,0,0,0,0,0,0,0,0,0,0,0,0,0,0,0,0,0,0,0,0,0,0,0,3675,24564
2026-01-15 18:17:56,.6,107232,19095,0,0,0,0,0,0,0,0,0,0,0,0,0,0,0,0,0,0,0,0,0,0,0,0,0,3675,24564
2026-01-15 18:17:58,.3,107238,19089,0,0,0,0,0,0,0,0,0,0,0,0,0,0,0,0,0,0,0,0,0,0,0,0,0,3675,24564
2026-01-15 18:17:59,.3,107235,19092,0,0,0,0,0,0,0,0,0,0,0,0,0,0,0,0,0,0,0,0,0,0,0,0,0,3675,24564
2026-01-15 18:18:00,2.3,107223,19104,0,0,0,0,0,0,0,0,0,0,0,0,0,0,0,0,0,0,0,0,0,0,0,0,0,3675,24564
2026-01-15 18:18:01,.6,107219,19108,0,0,0,0,0,0,0,0,0,0,0,0,0,0,0,0,0,0,0,0,0,0,0,0,0,3675,24564
2026-01-15 18:18:03,5.1,107230,19096,0,0,0,0,0,0,0,0,0,0,0,0,0,0,0,0,0,0,0,0,0,0,0,0,0,3675,24564
2026-01-15 18:18:04,.6,107243,19083,0,0,0,0,0,0,0,0,0,0,0,0,0,0,0,0,0,0,0,0,0,0,0,0,0,3675,24564
2026-01-15 18:18:05,,107235,19092,0,0,0,0,0,0,0,0,0,0,0,0,0,0,0,0,0,0,0,0,0,0,0,0,0,3675,24564
2026-01-15 18:18:07,.3,107237,19090,0,0,0,0,0,0,0,0,0,0,0,0,0,0,0,0,0,0,0,0,0,0,0,0,0,3675,24564
2026-01-15 18:18:08,.6,107238,19089,0,0,0,0,0,0,0,0,0,0,0,0,0,0,0,0,0,0,0,0,0,0,0,0,0,3675,24564
2026-01-15 18:18:09,.3,107225,19102,0,0,0,0,0,0,0,0,0,0,0,0,0,0,0,0,0,0,0,0,0,0,0,0,0,3675,24564
2026-01-15 18:18:10,.8,107220,19107,0,0,0,0,0,0,0,0,0,0,0,0,0,0,0,0,0,0,0,0,0,0,0,0,0,3675,24564
2026-01-15 18:18:12,.6,107223,19104,0,0,0,0,0,0,0,0,0,0,0,0,0,0,0,0,0,0,0,0,0,0,0,0,0,3675,24564
2026-01-15 18:18:13,.6,107244,19083,0,0,0,0,0,0,0,0,0,0,0,0,0,0,0,0,0,0,0,0,0,0,0,0,0,3675,24564
2026-01-15 18:18:14,.9,107242,19084,0,0,0,0,0,0,0,0,0,0,0,0,0,0,0,0,0,0,0,0,0,0,0,0,0,3675,24564
2026-01-15 18:18:15,.6,107233,19093,0,0,0,0,0,0,0,0,0,0,0,0,0,0,0,0,0,0,0,0,0,0,0,0,0,3675,24564
2026-01-15 18:18:17,.6,107227,19099,0,0,0,0,0,0,0,0,0,0,0,0,0,0,0,0,0,0,0,0,0,0,0,0,0,3675,24564
2026-01-15 18:18:18,.3,107224,19102,0,0,0,0,0,0,0,0,0,0,0,0,0,0,0,0,0,0,0,0,0,0,0,0,0,3675,24564
2026-01-15 18:18:19,.3,107225,19101,0,0,0,0,0,0,0,0,0,0,0,0,0,0,0,0,0,0,0,0,0,0,0,0,0,3675,24564
2026-01-15 18:18:20,.6,107222,19105,0,0,0,0,0,0,0,0,0,0,0,0,0,0,0,0,0,0,0,0,0,0,0,0,0,3675,24564
2026-01-15 18:18:22,.6,107222,19105,0,0,0,0,0,0,0,0,0,0,0,0,0,0,0,0,0,0,0,0,0,0,0,0,0,3675,24564
2026-01-15 18:18:23,.6,107228,19099,0,0,0,0,0,0,0,0,0,0,0,0,0,0,0,0,0,0,0,0,0,0,0,0,0,3675,24564
2026-01-15 18:18:24,.6,107226,19101,0,0,0,0,0,0,0,0,0,0,0,0,0,0,0,0,0,0,0,0,0,0,0,0,0,3675,24564
2026-01-15 18:18:25,.6,107230,19097,0,0,0,0,0,0,0,0,0,0,0,0,0,0,0,0,0,0,0,0,0,0,0,0,0,3675,24564
2026-01-15 18:18:27,.6,107230,19097,0,0,0,0,0,0,0,0,0,0,0,0,0,0,0,0,0,0,0,0,0,0,0,0,0,3675,24564
2026-01-15 18:18:28,.6,107222,19105,0,0,0,0,0,0,0,0,0,0,0,0,0,0,0,0,0,0,0,0,0,0,0,0,0,3675,24564
2026-01-15 18:18:29,.9,107222,19105,0,0,0,0,0,0,0,0,0,0,0,0,0,0,0,0,0,0,0,0,0,0,0,0,0,3675,24564
2026-01-15 18:18:30,.3,107227,19099,0,0,0,0,0,0,0,0,0,0,0,0,0,0,0,0,0,0,0,0,0,0,0,0,0,3675,24564
2026-01-15 18:18:32,.3,107228,19099,0,0,0,0,0,0,0,0,0,0,0,0,0,0,0,0,0,0,0,0,0,0,0,0,0,3675,24564
2026-01-15 18:18:33,.6,107235,19091,0,0,0,0,0,0,0,0,0,0,0,0,0,0,0,0,0,0,0,0,0,0,0,0,0,3675,24564
2026-01-15 18:18:34,.9,107236,19090,0,0,0,0,0,0,0,0,0,0,0,0,0,0,0,0,0,0,0,0,0,0,0,0,0,3675,24564
2026-01-15 18:18:36,.6,107244,19083,0,0,0,0,0,0,0,0,0,0,0,0,0,0,0,0,0,0,0,0,0,0,0,0,0,3675,24564
2026-01-15 18:18:37,.3,107245,19082,0,0,0,0,0,0,0,0,0,0,0,0,0,0,0,0,0,0,0,0,0,0,0,0,0,3675,24564
2026-01-15 18:18:38,.8,107251,19075,0,0,0,0,0,0,0,0,0,0,0,0,0,0,0,0,0,0,0,0,0,0,0,0,0,3675,24564
2026-01-15 18:18:39,1.1,107261,19066,0,0,0,0,0,0,0,0,0,0,0,0,0,0,0,0,0,0,0,0,0,0,0,0,0,3675,24564
2026-01-15 18:18:41,.9,107259,19068,0,0,0,0,0,0,0,0,0,0,0,0,0,0,0,0,0,0,0,0,0,0,0,0,0,3675,24564
2026-01-15 18:18:42,.9,107262,19065,0,0,0,0,0,0,0,0,0,0,0,0,0,0,0,0,0,0,0,0,0,0,0,0,0,3675,24564
2026-01-15 18:18:43,.6,107253,19073,0,0,0,0,0,0,0,0,0,0,0,0,0,0,0,0,0,0,0,0,0,0,0,0,0,3675,24564
2026-01-15 18:18:44,.9,107259,19068,0,0,0,0,0,0,0,0,0,0,0,0,0,0,0,0,0,0,0,0,0,0,0,0,0,3675,24564
2026-01-15 18:18:46,.3,107259,19068,0,0,0,0,0,0,0,0,0,0,0,0,0,0,0,0,0,0,0,0,0,0,0,0,0,3675,24564
2026-01-15 18:18:47,.6,107261,19066,0,0,0,0,0,0,0,0,0,0,0,0,0,0,0,0,0,0,0,0,0,0,0,0,0,3675,24564
2026-01-15 18:18:48,.6,107253,19074,0,0,0,0,0,0,0,0,0,0,0,0,0,0,0,0,0,0,0,0,0,0,0,0,0,3675,24564
2026-01-15 18:18:49,.3,107261,19066,0,0,0,0,0,0,0,0,0,0,0,0,0,0,0,0,0,0,0,0,0,0,0,0,0,3675,24564
2026-01-15 18:18:51,.3,107262,19064,0,0,0,0,0,0,0,0,0,0,0,0,0,0,0,0,0,0,0,0,0,0,0,0,0,3675,24564
2026-01-15 18:18:52,.6,107262,19064,0,0,0,0,0,0,0,0,0,0,0,0,0,0,0,0,0,0,0,0,0,0,0,0,0,3675,24564
2026-01-15 18:18:53,.8,107256,19070,0,0,0,0,0,0,0,0,0,0,0,0,0,0,0,0,0,0,0,0,0,0,0,0,0,3675,24564
2026-01-15 18:18:54,1.4,107256,19071,0,0,0,0,0,0,0,0,0,0,0,0,0,0,0,0,0,0,0,0,0,0,0,0,0,3675,24564
2026-01-15 18:18:56,.6,107260,19066,0,0,0,0,0,0,0,0,0,0,0,0,0,0,0,0,0,0,0,0,0,0,0,0,0,3675,24564
2026-01-15 18:18:57,.6,107266,19060,0,0,0,0,0,0,0,0,0,0,0,0,0,0,0,0,0,0,0,0,0,0,0,0,0,3675,24564
2026-01-15 18:18:58,.6,107265,19062,0,0,0,0,0,0,0,0,0,0,0,0,0,0,0,0,0,0,0,0,0,0,0,0,0,3675,24564
2026-01-15 18:18:59,.3,107259,19067,0,0,0,0,0,0,0,0,0,0,0,0,0,0,0,0,0,0,0,0,0,0,0,0,0,3675,24564
2026-01-15 18:19:01,.6,107260,19066,0,0,0,0,0,0,0,0,0,0,0,0,0,0,0,0,0,0,0,0,0,0,0,0,0,3675,24564
2026-01-15 18:19:02,.3,107251,19076,0,0,0,0,0,0,0,0,0,0,0,0,0,0,0,0,0,0,0,0,0,0,0,0,0,3675,24564
2026-01-15 18:19:03,.6,107255,19071,0,0,0,0,0,0,0,0,0,0,0,0,0,0,0,0,0,0,0,0,0,0,0,0,0,3675,24564
2026-01-15 18:19:05,,107247,19080,0,0,0,0,0,0,0,0,0,0,0,0,0,0,0,0,0,0,0,0,0,0,0,0,0,3675,24564
2026-01-15 18:19:06,.6,107242,19085,0,0,0,0,0,0,0,0,0,0,0,0,0,0,0,0,0,0,0,0,0,0,0,0,0,3675,24564
2026-01-15 18:19:07,.8,107239,19088,0,0,0,0,0,0,0,0,0,0,0,0,0,0,0,0,0,0,0,0,0,0,0,0,0,3675,24564
2026-01-15 18:19:08,.6,107225,19102,0,0,0,0,0,0,0,0,0,0,0,0,0,0,0,0,0,0,0,0,0,0,0,0,0,3675,24564
2026-01-15 18:19:10,.6,107232,19094,0,0,0,0,0,0,0,0,0,0,0,0,0,0,0,0,0,0,0,0,0,0,0,0,0,3675,24564
2026-01-15 18:19:11,.6,107232,19095,0,0,0,0,0,0,0,0,0,0,0,0,0,0,0,0,0,0,0,0,0,0,0,0,0,3675,24564
2026-01-15 18:19:12,.6,107220,19106,0,0,0,0,0,0,0,0,0,0,0,0,0,0,0,0,0,0,0,0,0,0,0,0,0,3675,24564
2026-01-15 18:19:13,.3,107220,19107,0,0,0,0,0,0,0,0,0,0,0,0,0,0,0,0,0,0,0,0,0,0,0,0,0,3675,24564
2026-01-15 18:19:15,.3,107233,19094,0,0,0,0,0,0,0,0,0,0,0,0,0,0,0,0,0,0,0,0,0,0,0,0,0,3675,24564
2026-01-15 18:19:16,.3,107240,19087,0,0,0,0,0,0,0,0,0,0,0,0,0,0,0,0,0,0,0,0,0,0,0,0,0,3675,24564
2026-01-15 18:19:17,.3,107244,19083,0,0,0,0,0,0,0,0,0,0,0,0,0,0,0,0,0,0,0,0,0,0,0,0,0,3675,24564
2026-01-15 18:19:18,.3,107239,19088,0,0,0,0,0,0,0,0,0,0,0,0,0,0,0,0,0,0,0,0,0,0,0,0,0,3675,24564
2026-01-15 18:19:20,.6,107249,19078,0,0,0,0,0,0,0,0,0,0,0,0,0,0,0,0,0,0,0,0,0,0,0,0,0,3675,24564
2026-01-15 18:19:21,.6,107263,19063,0,0,0,0,0,0,0,0,0,0,0,0,0,0,0,0,0,0,0,0,0,0,0,0,0,3675,24564
2026-01-15 18:19:22,.6,107262,19064,0,0,0,0,0,0,0,0,0,0,0,0,0,0,0,0,0,0,0,0,0,0,0,0,0,3675,24564
2026-01-15 18:19:23,1.1,107244,19082,0,0,0,0,0,0,0,0,0,0,0,0,0,0,0,0,0,0,0,0,0,0,0,0,0,3675,24564
2026-01-15 18:19:25,.9,107242,19085,0,0,0,0,0,0,0,0,0,0,0,0,0,0,0,0,0,0,0,0,0,0,0,0,0,3675,24564
2026-01-15 18:19:26,.6,107240,19087,0,0,0,0,0,0,0,0,0,0,0,0,0,0,0,0,0,0,0,0,0,0,0,0,0,3675,24564
2026-01-15 18:19:27,.6,107245,19082,0,0,0,0,0,0,0,0,0,0,0,0,0,0,0,0,0,0,0,0,0,0,0,0,0,3675,24564
2026-01-15 18:19:28,.6,107244,19082,0,0,0,0,0,0,0,0,0,0,0,0,0,0,0,0,0,0,0,0,0,0,0,0,0,3675,24564
2026-01-15 18:19:30,.6,107231,19096,0,0,0,0,0,0,0,0,0,0,0,0,0,0,0,0,0,0,0,0,0,0,0,0,0,3675,24564
2026-01-15 18:19:31,.6,107247,19079,0,0,0,0,0,0,0,0,0,0,0,0,0,0,0,0,0,0,0,0,0,0,0,0,0,3675,24564
2026-01-15 18:19:32,.3,107247,19079,0,0,0,0,0,0,0,0,0,0,0,0,0,0,0,0,0,0,0,0,0,0,0,0,0,3675,24564
2026-01-15 18:19:34,.6,107243,19083,0,0,0,0,0,0,0,0,0,0,0,0,0,0,0,0,0,0,0,0,0,0,0,0,0,3675,24564
2026-01-15 18:19:35,.6,107241,19085,0,0,0,0,0,0,0,0,0,0,0,0,0,0,0,0,0,0,0,0,0,0,0,0,0,3675,24564
2026-01-15 18:19:36,.6,107246,19081,0,0,0,0,0,0,0,0,0,0,0,0,0,0,0,0,0,0,0,0,0,0,0,0,0,3675,24564
2026-01-15 18:19:37,3.7,107244,19083,0,0,0,0,0,0,0,0,0,0,0,0,0,0,0,0,0,0,0,0,0,0,0,0,0,3675,24564
2026-01-15 18:19:39,.6,107242,19085,0,0,0,0,0,0,0,0,0,0,0,0,0,0,0,0,0,0,0,0,0,0,0,0,0,3675,24564
2026-01-15 18:19:40,.3,107246,19081,0,0,0,0,0,0,0,0,0,0,0,0,0,0,0,0,0,0,0,0,0,0,0,0,0,3675,24564
2026-01-15 18:19:41,.6,107249,19078,0,0,0,0,0,0,0,0,0,0,0,0,0,0,0,0,0,0,0,0,0,0,0,0,0,3675,24564
2026-01-15 18:19:42,.3,107256,19071,0,0,0,0,0,0,0,0,0,0,0,0,0,0,0,0,0,0,0,0,0,0,0,0,0,3675,24564
2026-01-15 18:19:44,.9,107250,19077,0,0,0,0,0,0,0,0,0,0,0,0,0,0,0,0,0,0,0,0,0,0,0,0,0,3675,24564
2026-01-15 18:19:45,.3,107242,19085,0,0,0,0,0,0,0,0,0,0,0,0,0,0,0,0,0,0,0,0,0,0,0,0,0,3675,24564
2026-01-15 18:19:46,.6,107249,19077,0,0,0,0,0,0,0,0,0,0,0,0,0,0,0,0,0,0,0,0,0,0,0,0,0,3675,24564
2026-01-15 18:19:47,.3,107249,19078,0,0,0,0,0,0,0,0,0,0,0,0,0,0,0,0,0,0,0,0,0,0,0,0,0,3675,24564
2026-01-15 18:19:49,.9,107247,19080,0,0,0,0,0,0,0,0,0,0,0,0,0,0,0,0,0,0,0,0,0,0,0,0,0,3675,24564
2026-01-15 18:19:50,.6,107236,19091,0,0,0,0,0,0,0,0,0,0,0,0,0,0,0,0,0,0,0,0,0,0,0,0,0,3675,24564
2026-01-15 18:19:51,.9,107234,19093,0,0,0,0,0,0,0,0,0,0,0,0,0,0,0,0,0,0,0,0,0,0,0,0,0,3675,24564
2026-01-15 18:19:52,.6,107233,19094,0,0,0,0,0,0,0,0,0,0,0,0,0,0,0,0,0,0,0,0,0,0,0,0,0,3675,24564
2026-01-15 18:19:54,.3,107234,19093,0,0,0,0,0,0,0,0,0,0,0,0,0,0,0,0,0,0,0,0,0,0,0,0,0,3675,24564
2026-01-15 18:19:55,.6,107236,19091,0,0,0,0,0,0,0,0,0,0,0,0,0,0,0,0,0,0,0,0,0,0,0,0,0,3675,24564
2026-01-15 18:19:56,.8,107240,19087,0,0,0,0,0,0,0,0,0,0,0,0,0,0,0,0,0,0,0,0,0,0,0,0,0,3675,24564
2026-01-15 18:19:57,.3,107246,19081,0,0,0,0,0,0,0,0,0,0,0,0,0,0,0,0,0,0,0,0,0,0,0,0,0,3675,24564
2026-01-15 18:19:59,.6,107246,19080,0,0,0,0,0,0,0,0,0,0,0,0,0,0,0,0,0,0,0,0,0,0,0,0,0,3675,24564
2026-01-15 18:20:00,.6,107241,19085,0,0,0,0,0,0,0,0,0,0,0,0,0,0,0,0,0,0,0,0,0,0,0,0,0,3675,24564
2026-01-15 18:20:01,.6,107239,19088,0,0,0,0,0,0,0,0,0,0,0,0,0,0,0,0,0,0,0,0,0,0,0,0,0,3675,24564
2026-01-15 18:20:03,.6,107240,19087,0,0,0,0,0,0,0,0,0,0,0,0,0,0,0,0,0,0,0,0,0,0,0,0,0,3675,24564
2026-01-15 18:20:04,.6,107243,19084,0,0,0,0,0,0,0,0,0,0,0,0,0,0,0,0,0,0,0,0,0,0,0,0,0,3675,24564
2026-01-15 18:20:05,.9,107233,19094,0,0,0,0,0,0,0,0,0,0,0,0,0,0,0,0,0,0,0,0,0,0,0,0,0,3675,24564
2026-01-15 18:20:06,.8,107235,19092,0,0,0,0,0,0,0,0,0,0,0,0,0,0,0,0,0,0,0,0,0,0,0,0,0,3675,24564
2026-01-15 18:20:08,.6,107234,19092,0,0,0,0,0,0,0,0,0,0,0,0,0,0,0,0,0,0,0,0,0,0,0,0,0,3675,24564
2026-01-15 18:20:09,.3,107239,19088,0,0,0,0,0,0,0,0,0,0,0,0,0,0,0,0,0,0,0,0,0,0,0,0,0,3675,24564
2026-01-15 18:20:10,.3,107244,19083,0,0,0,0,0,0,0,0,0,0,0,0,0,0,0,0,0,0,0,0,0,0,0,0,0,3675,24564
2026-01-15 18:20:11,.6,107250,19077,0,0,0,0,0,0,0,0,0,0,0,0,0,0,0,0,0,0,0,0,0,0,0,0,0,3675,24564
2026-01-15 18:20:13,.6,107246,19081,0,0,0,0,0,0,0,0,0,0,0,0,0,0,0,0,0,0,0,0,0,0,0,0,0,3675,24564
2026-01-15 18:20:14,.3,107243,19085,0,0,0,0,0,0,0,0,0,0,0,0,0,0,0,0,0,0,0,0,0,0,0,0,0,3675,24564
2026-01-15 18:20:15,.3,107237,19090,0,0,0,0,0,0,0,0,0,0,0,0,0,0,0,0,0,0,0,0,0,0,0,0,0,3675,24564
2026-01-15 18:20:16,.6,107243,19084,0,0,0,0,0,0,0,0,0,0,0,0,0,0,0,0,0,0,0,0,0,0,0,0,0,3675,24564
2026-01-15 18:20:18,.6,107244,19083,0,0,0,0,0,0,0,0,0,0,0,0,0,0,0,0,0,0,0,0,0,0,0,0,0,3675,24564
2026-01-15 18:20:19,.3,107242,19084,0,0,0,0,0,0,0,0,0,0,0,0,0,0,0,0,0,0,0,0,0,0,0,0,0,3675,24564
2026-01-15 18:20:20,.9,107239,19087,0,0,0,0,0,0,0,0,0,0,0,0,0,0,0,0,0,0,0,0,0,0,0,0,0,3675,24564
2026-01-15 18:20:21,,107233,19094,0,0,0,0,0,0,0,0,0,0,0,0,0,0,0,0,0,0,0,0,0,0,0,0,0,3675,24564
2026-01-15 18:20:23,,107233,19094,0,0,0,0,0,0,0,0,0,0,0,0,0,0,0,0,0,0,0,0,0,0,0,0,0,3675,24564
2026-01-15 18:20:24,.3,107230,19097,0,0,0,0,0,0,0,0,0,0,0,0,0,0,0,0,0,0,0,0,0,0,0,0,0,3675,24564
2026-01-15 18:20:25,1.4,107229,19098,0,0,0,0,0,0,0,0,0,0,0,0,0,0,0,0,0,0,0,0,0,0,0,0,0,3675,24564
2026-01-15 18:20:27,.6,107229,19097,0,0,0,0,0,0,0,0,0,0,0,0,0,0,0,0,0,0,0,0,0,0,0,0,0,3675,24564
2026-01-15 18:20:28,.3,107234,19092,0,0,0,0,0,0,0,0,0,0,0,0,0,0,0,0,0,0,0,0,0,0,0,0,0,3675,24564
2026-01-15 18:20:29,.8,107236,19090,0,0,0,0,0,0,0,0,0,0,0,0,0,0,0,0,0,0,0,0,0,0,0,0,0,3675,24564
2026-01-15 18:20:30,.9,107240,19086,0,0,0,0,0,0,0,0,0,0,0,0,0,0,0,0,0,0,0,0,0,0,0,0,0,3675,24564
2026-01-15 18:20:32,.6,107235,19091,0,0,0,0,0,0,0,0,0,0,0,0,0,0,0,0,0,0,0,0,0,0,0,0,0,3675,24564
2026-01-15 18:20:33,1.4,107241,19085,0,0,0,0,0,0,0,0,0,0,0,0,0,0,0,0,0,0,0,0,0,0,0,0,0,3675,24564
2026-01-15 18:20:34,.6,107245,19081,0,0,0,0,0,0,0,0,0,0,0,0,0,0,0,0,0,0,0,0,0,0,0,0,0,3675,24564
2026-01-15 18:20:35,.3,107251,19075,0,0,0,0,0,0,0,0,0,0,0,0,0,0,0,0,0,0,0,0,0,0,0,0,0,3675,24564
2026-01-15 18:20:37,.3,107259,19068,0,0,0,0,0,0,0,0,0,0,0,0,0,0,0,0,0,0,0,0,0,0,0,0,0,3675,24564
2026-01-15 18:20:38,.3,107263,19064,0,0,0,0,0,0,0,0,0,0,0,0,0,0,0,0,0,0,0,0,0,0,0,0,0,3675,24564
2026-01-15 18:20:39,.3,107254,19072,0,0,0,0,0,0,0,0,0,0,0,0,0,0,0,0,0,0,0,0,0,0,0,0,0,3675,24564
2026-01-15 18:20:40,.3,107248,19079,0,0,0,0,0,0,0,0,0,0,0,0,0,0,0,0,0,0,0,0,0,0,0,0,0,3675,24564
2026-01-15 18:20:42,.3,107247,19080,0,0,0,0,0,0,0,0,0,0,0,0,0,0,0,0,0,0,0,0,0,0,0,0,0,3675,24564
2026-01-15 18:20:43,.6,107239,19087,0,0,0,0,0,0,0,0,0,0,0,0,0,0,0,0,0,0,0,0,0,0,0,0,0,3675,24564
2026-01-15 18:20:44,.6,107233,19094,0,0,0,0,0,0,0,0,0,0,0,0,0,0,0,0,0,0,0,0,0,0,0,0,0,3675,24564
2026-01-15 18:20:45,1.4,107234,19092,0,0,0,0,0,0,0,0,0,0,0,0,0,0,0,0,0,0,0,0,0,0,0,0,0,3675,24564
2026-01-15 18:20:47,.6,107246,19081,0,0,0,0,0,0,0,0,0,0,0,0,0,0,0,0,0,0,0,0,0,0,0,0,0,3675,24564
2026-01-15 18:20:48,.9,107243,19084,0,0,0,0,0,0,0,0,0,0,0,0,0,0,0,0,0,0,0,0,0,0,0,0,0,3675,24564
2026-01-15 18:20:49,.6,107244,19082,0,0,0,0,0,0,0,0,0,0,0,0,0,0,0,0,0,0,0,0,0,0,0,0,0,3675,24564
2026-01-15 18:20:50,.8,107262,19065,0,0,0,0,0,0,0,0,0,0,0,0,0,0,0,0,0,0,0,0,0,0,0,0,0,3675,24564
2026-01-15 18:20:52,.6,107264,19063,0,0,0,0,0,0,0,0,0,0,0,0,0,0,0,0,0,0,0,0,0,0,0,0,0,3675,24564
2026-01-15 18:20:53,.6,107261,19065,0,0,0,0,0,0,0,0,0,0,0,0,0,0,0,0,0,0,0,0,0,0,0,0,0,3675,24564
2026-01-15 18:20:54,.6,107258,19068,0,0,0,0,0,0,0,0,0,0,0,0,0,0,0,0,0,0,0,0,0,0,0,0,0,3675,24564
2026-01-15 18:20:56,.3,107256,19070,0,0,0,0,0,0,0,0,0,0,0,0,0,0,0,0,0,0,0,0,0,0,0,0,0,3675,24564
2026-01-15 18:20:57,.6,107246,19081,0,0,0,0,0,0,0,0,0,0,0,0,0,0,0,0,0,0,0,0,0,0,0,0,0,3675,24564
2026-01-15 18:20:58,.6,107242,19085,0,0,0,0,0,0,0,0,0,0,0,0,0,0,0,0,0,0,0,0,0,0,0,0,0,3675,24564
2026-01-15 18:20:59,.6,107233,19094,0,0,0,0,0,0,0,0,0,0,0,0,0,0,0,0,0,0,0,0,0,0,0,0,0,3675,24564
2026-01-15 18:21:01,.8,107242,19084,0,0,0,0,0,0,0,0,0,0,0,0,0,0,0,0,0,0,0,0,0,0,0,0,0,3675,24564
2026-01-15 18:21:02,.6,107244,19083,0,0,0,0,0,0,0,0,0,0,0,0,0,0,0,0,0,0,0,0,0,0,0,0,0,3675,24564
2026-01-15 18:21:03,.6,107247,19080,0,0,0,0,0,0,0,0,0,0,0,0,0,0,0,0,0,0,0,0,0,0,0,0,0,3675,24564
2026-01-15 18:21:04,.3,107240,19086,0,0,0,0,0,0,0,0,0,0,0,0,0,0,0,0,0,0,0,0,0,0,0,0,0,3675,24564
2026-01-15 18:21:06,.6,107238,19088,0,0,0,0,0,0,0,0,0,0,0,0,0,0,0,0,0,0,0,0,0,0,0,0,0,3675,24564
2026-01-15 18:21:07,.9,107233,19094,0,0,0,0,0,0,0,0,0,0,0,0,0,0,0,0,0,0,0,0,0,0,0,0,0,3675,24564
2026-01-15 18:21:08,.3,107242,19085,0,0,0,0,0,0,0,0,0,0,0,0,0,0,0,0,0,0,0,0,0,0,0,0,0,3675,24564
2026-01-15 18:21:09,.6,107252,19075,0,0,0,0,0,0,0,0,0,0,0,0,0,0,0,0,0,0,0,0,0,0,0,0,0,3675,24564
2026-01-15 18:21:11,.6,107250,19077,0,0,0,0,0,0,0,0,0,0,0,0,0,0,0,0,0,0,0,0,0,0,0,0,0,3675,24564
2026-01-15 18:21:12,.6,107249,19078,0,0,0,0,0,0,0,0,0,0,0,0,0,0,0,0,0,0,0,0,0,0,0,0,0,3675,24564
2026-01-15 18:21:13,.6,107236,19091,0,0,0,0,0,0,0,0,0,0,0,0,0,0,0,0,0,0,0,0,0,0,0,0,0,3675,24564
2026-01-15 18:21:14,.9,107230,19097,0,0,0,0,0,0,0,0,0,0,0,0,0,0,0,0,0,0,0,0,0,0,0,0,0,3675,24564
2026-01-15 18:21:16,.6,107240,19086,0,0,0,0,0,0,0,0,0,0,0,0,0,0,0,0,0,0,0,0,0,0,0,0,0,3675,24564
2026-01-15 18:21:17,.6,107234,19093,0,0,0,0,0,0,0,0,0,0,0,0,0,0,0,0,0,0,0,0,0,0,0,0,0,3675,24564
2026-01-15 18:21:18,.3,107241,19086,0,0,0,0,0,0,0,0,0,0,0,0,0,0,0,0,0,0,0,0,0,0,0,0,0,3675,24564
2026-01-15 18:21:19,.6,107233,19094,0,0,0,0,0,0,0,0,0,0,0,0,0,0,0,0,0,0,0,0,0,0,0,0,0,3675,24564
2026-01-15 18:21:21,.6,107236,19090,0,0,0,0,0,0,0,0,0,0,0,0,0,0,0,0,0,0,0,0,0,0,0,0,0,3675,24564
2026-01-15 18:21:22,.6,107229,19097,0,0,0,0,0,0,0,0,0,0,0,0,0,0,0,0,0,0,0,0,0,0,0,0,0,3675,24564
2026-01-15 18:21:23,1.1,107228,19098,0,0,0,0,0,0,0,0,0,0,0,0,0,0,0,0,0,0,0,0,0,0,0,0,0,3675,24564
2026-01-15 18:21:25,,107225,19101,0,0,0,0,0,0,0,0,0,0,0,0,0,0,0,0,0,0,0,0,0,0,0,0,0,3675,24564
2026-01-15 18:21:26,.6,107217,19109,0,0,0,0,0,0,0,0,0,0,0,0,0,0,0,0,0,0,0,0,0,0,0,0,0,3675,24564
2026-01-15 18:21:27,.8,107210,19117,0,0,0,0,0,0,0,0,0,0,0,0,0,0,0,0,0,0,0,0,0,0,0,0,0,3675,24564
2026-01-15 18:21:28,1.7,107211,19116,0,0,0,0,0,0,0,0,0,0,0,0,0,0,0,0,0,0,0,0,0,0,0,0,0,3675,24564
2026-01-15 18:21:30,.3,107216,19111,0,0,0,0,0,0,0,0,0,0,0,0,0,0,0,0,0,0,0,0,0,0,0,0,0,3675,24564
2026-01-15 18:21:31,.9,107219,19108,0,0,0,0,0,0,0,0,0,0,0,0,0,0,0,0,0,0,0,0,0,0,0,0,0,3675,24564
2026-01-15 18:21:32,.3,107218,19109,0,0,0,0,0,0,0,0,0,0,0,0,0,0,0,0,0,0,0,0,0,0,0,0,0,3675,24564
2026-01-15 18:21:33,.8,107213,19114,0,0,0,0,0,0,0,0,0,0,0,0,0,0,0,0,0,0,0,0,0,0,0,0,0,3675,24564
2026-01-15 18:21:35,.6,107212,19115,0,0,0,0,0,0,0,0,0,0,0,0,0,0,0,0,0,0,0,0,0,0,0,0,0,3675,24564
2026-01-15 18:21:36,.6,107218,19109,0,0,0,0,0,0,0,0,0,0,0,0,0,0,0,0,0,0,0,0,0,0,0,0,0,3675,24564
2026-01-15 18:21:37,.6,107214,19113,0,0,0,0,0,0,0,0,0,0,0,0,0,0,0,0,0,0,0,0,0,0,0,0,0,3675,24564
2026-01-15 18:21:38,.6,107218,19109,0,0,0,0,0,0,0,0,0,0,0,0,0,0,0,0,0,0,0,0,0,0,0,0,0,3675,24564
2026-01-15 18:21:40,.6,107222,19104,0,0,0,0,0,0,0,0,0,0,0,0,0,0,0,0,0,0,0,0,0,0,0,0,0,3675,24564
2026-01-15 18:21:41,.6,107230,19097,0,0,0,0,0,0,0,0,0,0,0,0,0,0,0,0,0,0,0,0,0,0,0,0,0,3675,24564
2026-01-15 18:21:42,.6,107228,19099,0,0,0,0,0,0,0,0,0,0,0,0,0,0,0,0,0,0,0,0,0,0,0,0,0,3675,24564
2026-01-15 18:21:43,.3,107219,19108,0,0,0,0,0,0,0,0,0,0,0,0,0,0,0,0,0,0,0,0,0,0,0,0,0,3675,24564
2026-01-15 18:21:45,.6,107209,19118,0,0,0,0,0,0,0,0,0,0,0,0,0,0,0,0,0,0,0,0,0,0,0,0,0,3675,24564
2026-01-15 18:21:46,.6,107202,19124,0,0,0,0,0,0,0,0,0,0,0,0,0,0,0,0,0,0,0,0,0,0,0,0,0,3675,24564
2026-01-15 18:21:47,.3,107207,19120,0,0,0,0,0,0,0,0,0,0,0,0,0,0,0,0,0,0,0,0,0,0,0,0,0,3675,24564
2026-01-15 18:21:49,.6,107222,19105,0,0,0,0,0,0,0,0,0,0,0,0,0,0,0,0,0,0,0,0,0,0,0,0,0,3675,24564
2026-01-15 18:21:50,,107214,19113,0,0,0,0,0,0,0,0,0,0,0,0,0,0,0,0,0,0,0,0,0,0,0,0,0,3675,24564
2026-01-15 18:21:51,.3,107223,19104,0,0,0,0,0,0,0,0,0,0,0,0,0,0,0,0,0,0,0,0,0,0,0,0,0,3675,24564
2026-01-15 18:21:52,.6,107232,19095,0,0,0,0,0,0,0,0,0,0,0,0,0,0,0,0,0,0,0,0,0,0,0,0,0,3675,24564
2026-01-15 18:21:54,.3,107232,19094,0,0,0,0,0,0,0,0,0,0,0,0,0,0,0,0,0,0,0,0,0,0,0,0,0,3675,24564
2026-01-15 18:21:55,.6,107247,19079,0,0,0,0,0,0,0,0,0,0,0,0,0,0,0,0,0,0,0,0,0,0,0,0,0,3675,24564
2026-01-15 18:21:56,.6,107241,19085,0,0,0,0,0,0,0,0,0,0,0,0,0,0,0,0,0,0,0,0,0,0,0,0,0,3675,24564
2026-01-15 18:21:57,.6,107242,19084,0,0,0,0,0,0,0,0,0,0,0,0,0,0,0,0,0,0,0,0,0,0,0,0,0,3675,24564
2026-01-15 18:21:59,.6,107243,19084,0,0,0,0,0,0,0,0,0,0,0,0,0,0,0,0,0,0,0,0,0,0,0,0,0,3675,24564
2026-01-15 18:22:00,.6,107250,19077,0,0,0,0,0,0,0,0,0,0,0,0,0,0,0,0,0,0,0,0,0,0,0,0,0,3675,24564
2026-01-15 18:22:01,.6,107245,19082,0,0,0,0,0,0,0,0,0,0,0,0,0,0,0,0,0,0,0,0,0,0,0,0,0,3675,24564
2026-01-15 18:22:02,.6,107244,19083,0,0,0,0,0,0,0,0,0,0,0,0,0,0,0,0,0,0,0,0,0,0,0,0,0,3675,24564
2026-01-15 18:22:04,.3,107236,19091,0,0,0,0,0,0,0,0,0,0,0,0,0,0,0,0,0,0,0,0,0,0,0,0,0,3675,24564
2026-01-15 18:22:05,.3,107234,19092,0,0,0,0,0,0,0,0,0,0,0,0,0,0,0,0,0,0,0,0,0,0,0,0,0,3675,24564
2026-01-15 18:22:06,.6,107231,19096,0,0,0,0,0,0,0,0,0,0,0,0,0,0,0,0,0,0,0,0,0,0,0,0,0,3675,24564
2026-01-15 18:22:07,.3,107249,19077,0,0,0,0,0,0,0,0,0,0,0,0,0,0,0,0,0,0,0,0,0,0,0,0,0,3675,24564
2026-01-15 18:22:09,.3,107256,19070,0,0,0,0,0,0,0,0,0,0,0,0,0,0,0,0,0,0,0,0,0,0,0,0,0,3675,24564
2026-01-15 18:22:10,.6,107248,19079,0,0,0,0,0,0,0,0,0,0,0,0,0,0,0,0,0,0,0,0,0,0,0,0,0,3675,24564
2026-01-15 18:22:11,.6,107230,19096,0,0,0,0,0,0,0,0,0,0,0,0,0,0,0,0,0,0,0,0,0,0,0,0,0,3675,24564
2026-01-15 18:22:12,.6,107226,19100,0,0,0,0,0,0,0,0,0,0,0,0,0,0,0,0,0,0,0,0,0,0,0,0,0,3675,24564
2026-01-15 18:22:14,1.1,107229,19098,0,0,0,0,0,0,0,0,0,0,0,0,0,0,0,0,0,0,0,0,0,0,0,0,0,3675,24564
2026-01-15 18:22:15,.6,107232,19094,0,0,0,0,0,0,0,0,0,0,0,0,0,0,0,0,0,0,0,0,0,0,0,0,0,3675,24564
2026-01-15 18:22:16,.6,107231,19096,0,0,0,0,0,0,0,0,0,0,0,0,0,0,0,0,0,0,0,0,0,0,0,0,0,3675,24564
2026-01-15 18:22:18,.3,107244,19083,0,0,0,0,0,0,0,0,0,0,0,0,0,0,0,0,0,0,0,0,0,0,0,0,0,3675,24564
2026-01-15 18:22:19,.8,107258,19068,0,0,0,0,0,0,0,0,0,0,0,0,0,0,0,0,0,0,0,0,0,0,0,0,0,3675,24564
2026-01-15 18:22:20,.6,107254,19073,0,0,0,0,0,0,0,0,0,0,0,0,0,0,0,0,0,0,0,0,0,0,0,0,0,3675,24564
2026-01-15 18:22:21,.9,107245,19082,0,0,0,0,0,0,0,0,0,0,0,0,0,0,0,0,0,0,0,0,0,0,0,0,0,3675,24564
2026-01-15 18:22:23,.6,107241,19086,0,0,0,0,0,0,0,0,0,0,0,0,0,0,0,0,0,0,0,0,0,0,0,0,0,3675,24564
2026-01-15 18:22:24,.3,107230,19097,0,0,0,0,0,0,0,0,0,0,0,0,0,0,0,0,0,0,0,0,0,0,0,0,0,3675,24564
2026-01-15 18:22:25,.9,107223,19103,0,0,0,0,0,0,0,0,0,0,0,0,0,0,0,0,0,0,0,0,0,0,0,0,0,3675,24564
2026-01-15 18:22:26,.3,107215,19111,0,0,0,0,0,0,0,0,0,0,0,0,0,0,0,0,0,0,0,0,0,0,0,0,0,3675,24564
2026-01-15 18:22:28,.6,107221,19106,0,0,0,0,0,0,0,0,0,0,0,0,0,0,0,0,0,0,0,0,0,0,0,0,0,3675,24564
2026-01-15 18:22:29,.3,107233,19094,0,0,0,0,0,0,0,0,0,0,0,0,0,0,0,0,0,0,0,0,0,0,0,0,0,3675,24564
2026-01-15 18:22:30,.3,107237,19089,0,0,0,0,0,0,0,0,0,0,0,0,0,0,0,0,0,0,0,0,0,0,0,0,0,3675,24564
2026-01-15 18:22:31,,107250,19076,0,0,0,0,0,0,0,0,0,0,0,0,0,0,0,0,0,0,0,0,0,0,0,0,0,3675,24564
2026-01-15 18:22:33,.6,107250,19076,0,0,0,0,0,0,0,0,0,0,0,0,0,0,0,0,0,0,0,0,0,0,0,0,0,3675,24564
2026-01-15 18:22:34,.8,107257,19070,0,0,0,0,0,0,0,0,0,0,0,0,0,0,0,0,0,0,0,0,0,0,0,0,0,3675,24564
2026-01-15 18:22:35,.8,107255,19071,0,0,0,0,0,0,0,0,0,0,0,0,0,0,0,0,0,0,0,0,0,0,0,0,0,3675,24564
2026-01-15 18:22:36,.3,107260,19067,0,0,0,0,0,0,0,0,0,0,0,0,0,0,0,0,0,0,0,0,0,0,0,0,0,3675,24564
2026-01-15 18:22:38,.8,107257,19070,0,0,0,0,0,0,0,0,0,0,0,0,0,0,0,0,0,0,0,0,0,0,0,0,0,3675,24564
2026-01-15 18:22:39,.6,107256,19071,0,0,0,0,0,0,0,0,0,0,0,0,0,0,0,0,0,0,0,0,0,0,0,0,0,3675,24564
2026-01-15 18:22:40,1.1,107250,19077,0,0,0,0,0,0,0,0,0,0,0,0,0,0,0,0,0,0,0,0,0,0,0,0,0,3675,24564
2026-01-15 18:22:41,.3,107264,19062,0,0,0,0,0,0,0,0,0,0,0,0,0,0,0,0,0,0,0,0,0,0,0,0,0,3675,24564
2026-01-15 18:22:43,.6,107257,19069,0,0,0,0,0,0,0,0,0,0,0,0,0,0,0,0,0,0,0,0,0,0,0,0,0,3675,24564
2026-01-15 18:22:44,.3,107252,19076,0,0,0,0,0,0,0,0,0,0,0,0,0,0,0,0,0,0,0,0,0,0,0,0,0,3675,24564
2026-01-15 18:22:45,.6,107252,19075,0,0,0,0,0,0,0,0,0,0,0,0,0,0,0,0,0,0,0,0,0,0,0,0,0,3675,24564
2026-01-15 18:22:47,.3,107286,19041,0,0,0,0,0,0,0,0,0,0,0,0,0,0,0,0,0,0,0,0,0,0,0,0,28,3786,24564
2026-01-15 18:22:48,.6,107289,19038,0,0,0,0,0,0,0,0,0,0,0,0,0,0,0,0,0,0,0,0,0,0,0,0,1,3786,24564
2026-01-15 18:22:49,.6,107288,19039,0,0,0,0,0,0,0,0,0,0,0,0,0,0,0,0,0,0,0,0,0,0,0,0,0,3786,24564
2026-01-15 18:22:50,.8,107296,19024,0,0,0,0,0,0,0,0,0,0,0,0,0,0,0,0,0,0,0,0,0,0,0,0,37,3521,24564
2026-01-15 18:22:52,.6,107133,19194,0,0,0,0,0,0,0,0,0,0,0,0,0,0,0,0,0,0,0,0,0,0,0,0,0,3530,24564
2026-01-15 18:22:53,.8,107104,19222,0,0,0,0,0,0,0,0,0,0,0,0,0,0,0,0,0,0,0,0,0,0,0,0,0,3530,24564
